channelId,videoId,authorDisplayName,authorChannelId,authorChannelUrl,authorProfileImageUrl,textDisplay,textOriginal,likeCount,viewerRating,canRate,publishedAt,updatedAt
UCj0O6W8yDuLg3iraAXKgCrQ,3ekLEtjfDG4,@PipocaExtra,UCpRxKDSXQJL873CkmbGY29A,http://www.youtube.com/@PipocaExtra,https://yt3.ggpht.com/rJoDwMoxRFaClC9E-e6bN5yspjUYXPN-iw3c0cYM9zct_-V2An33OcHz7Uqm4KzAvQ4hd1_pLg=s48-c-k-c0x00ffffff-no-rj,♥♥,♥♥,0,none,True,2026-03-04T14:44:49Z,2026-03-04T14:44:49Z
UCj0O6W8yDuLg3iraAXKgCrQ,3ekLEtjfDG4,@belonichipinski5526,UCpYHD6Y2gF9Ayzy84yjoPew,http://www.youtube.com/@belonichipinski5526,https://yt3.ggpht.com/2Y0G-IGX_WICzLNOHRd0d1LkSTsrrBGHKwtaP2vawQngZ9dNGDPQJSyFDcNuYcgFLNHmJ2LgPrE=s48-c-k-c0x00ffffff-no-rj,O Bob esponja nasceu no mesmo dia e mes q eu,O Bob esponja nasceu no mesmo dia e mes q eu,0,none,True,2026-02-16T23:17:22Z,2026-02-16T23:17:22Z
UCj0O6W8yDuLg3iraAXKgCrQ,3ekLEtjfDG4,@jeonkook-p2s,UCjQXw5ImbSNgpweh6jEzTGQ,http://www.youtube.com/@jeonkook-p2s,https://yt3.ggpht.com/Ous0apt5aai1cHHyhra1Iz0sJ8-zWNUefAFCFVEaDEeHQ2qEkm3P04xA0isVKJ3-ZJEhyqg2_YI=s48-c-k-c0x00ffffff-no-rj,1:26 a cara do lucas kkkkkkkkkk😂😂😂😂,1:26 a cara do lucas kkkkkkkkkk😂😂😂😂,0,none,True,2026-02-11T20:20:42Z,2026-02-11T20:20:42Z
UCj0O6W8yDuLg3iraAXKgCrQ,3ekLEtjfDG4,@izac1564,UC_-zsmP-OIfeJSdRMqDl_sg,http://www.youtube.com/@izac1564,https://yt3.ggpht.com/1NhgDC40-pfiGPqHEj__HjK0zC_VvJoePAljNibioC0gLRzN41BoHsx0grTZNcg-fv-JFERBoQ=s48-c-k-c0x00ffffff-no-rj,E é verdade que eu tô aqui,E é verdade que eu tô aqui,1,none,True,2026-02-04T22:39:34Z,2026-02-04T22:39:34Z
UCj0O6W8yDuLg3iraAXKgCrQ,3ekLEtjfDG4,@AneliseCosta-t3z,UCxzb3quGzW8Nin6gs0TMSHw,http://www.youtube.com/@AneliseCosta-t3z,https://yt3.ggpht.com/OdJYNM3RjSZrDJxg0BUthWj-n-kkXmZ4Kn9XLNkeTbkRCTzzDSQJ96wpk98O9rkdNYAzvOyS=s48-c-k-c0x00ffffff-no-rj,Se vocês verem uma mota que é vermelho e azul é o meu irmão,Se vocês verem uma mota que é vermelho e azul é o meu irmão,2,none,True,2026-02-04T22:39:20Z,2026-02-04T22:39:20Z
UCj0O6W8yDuLg3iraAXKgCrQ,3ekLEtjfDG4,@brunoeduardo5575,UCp5eUo7M1VN3Jhi4AbHG9ZA,http://www.youtube.com/@brunoeduardo5575,https://yt3.ggpht.com/gBQ2V9ULoWbEmEs0j-Rq7NO2MWKbK5C-Rn1PPs3-NA6pI7rNFEo3cYdcqk89hePtABPr47zXQGM=s48-c-k-c0x00ffffff-no-rj,To-do is desenho tem so 4 dedos? Sim e vdd,To-do is desenho tem so 4 dedos? Sim e vdd,0,none,True,2026-02-01T17:51:26Z,2026-02-01T17:51:26Z
UCj0O6W8yDuLg3iraAXKgCrQ,3ekLEtjfDG4,@MariaCelisete,UCTBgEoCRTMkb0CFI--CtxpA,http://www.youtube.com/@MariaCelisete,https://yt3.ggpht.com/ytc/AIdro_kAvXwKhF9W-758960a9XjLrXxvSdrZkX4XZl0vZ0CotMcCwuJe0HKveyMX8NMWQ9UFfw=s48-c-k-c0x00ffffff-no-rj,847;63,847;63,0,none,True,2026-02-01T03:13:03Z,2026-02-01T03:13:03Z
UCj0O6W8yDuLg3iraAXKgCrQ,3ekLEtjfDG4,@MariaCelisete,UCTBgEoCRTMkb0CFI--CtxpA,http://www.youtube.com/@MariaCelisete,https://yt3.ggpht.com/ytc/AIdro_kAvXwKhF9W-758960a9XjLrXxvSdrZkX4XZl0vZ0CotMcCwuJe0HKveyMX8NMWQ9UFfw=s48-c-k-c0x00ffffff-no-rj,3.26,3.26,0,none,True,2026-02-01T03:09:37Z,2026-02-01T03:09:37Z
UCj0O6W8yDuLg3iraAXKgCrQ,3ekLEtjfDG4,@MadameFranc-m2m,UCOQPmZVLyWAWWSCUvKRgx_A,http://www.youtube.com/@MadameFranc-m2m,https://yt3.ggpht.com/LhIwlcpAtGoxwB_DLN4cX8td6fG7tCnLIbRYdQGRKK0FiJZ3h7yQP-k59RSEgxJrmvtSGyYVdA=s48-c-k-c0x00ffffff-no-rj,Não é a megue é a lisa,Não é a megue é a lisa,0,none,True,2026-01-29T12:39:05Z,2026-01-29T12:39:05Z
UCj0O6W8yDuLg3iraAXKgCrQ,3ekLEtjfDG4,@adrenalinaduarte33,UCIf_4vIycp0vHbiBbg6WOVw,http://www.youtube.com/@adrenalinaduarte33,https://yt3.ggpht.com/ytc/AIdro_kCPCbyutYpbKOTrWapSnj7Dh8CXi332fXZHTOAQT80LIIH=s48-c-k-c0x00ffffff-no-rj,Breet lembra um personagem de Black mirror,Breet lembra um personagem de Black mirror,0,none,True,2026-01-25T21:57:10Z,2026-01-25T21:57:10Z
UCj0O6W8yDuLg3iraAXKgCrQ,3ekLEtjfDG4,@AleatorioOirotaela-l7y,UCPPRDSvkViGx1I6lQSlRBeA,http://www.youtube.com/@AleatorioOirotaela-l7y,https://yt3.ggpht.com/QTGRrb4mnl9kUyYkxtfDHtrKJgJF1V72htOGrhT96sYFYqwUrdkG3oZuYKBDd-1QBdCTAdVgqoo=s48-c-k-c0x00ffffff-no-rj,0:09 por que eles é igual o lula?,0:09 por que eles é igual o lula?,0,none,True,2026-01-20T16:33:49Z,2026-01-20T16:33:49Z
UCj0O6W8yDuLg3iraAXKgCrQ,3ekLEtjfDG4,@THaLESgamer806,UCQJb6b_f2WRazH5jOhoDw_w,http://www.youtube.com/@THaLESgamer806,https://yt3.ggpht.com/XyM5Y00WNpLWiXOq7Xjb_ooJLrdD2p4nyIyIuVFvJTGPL13kb4ThFei77vCqKTLLjmJrmJuNDaw=s48-c-k-c0x00ffffff-no-rj,TEORIA DE RICK E MORTY E LEGAL,TEORIA DE RICK E MORTY E LEGAL,0,none,True,2026-01-08T13:36:55Z,2026-01-08T13:36:55Z
UCj0O6W8yDuLg3iraAXKgCrQ,3ekLEtjfDG4,@damonesantana9918,UCI8KA_9H98uc9o-UtLHIqPg,http://www.youtube.com/@damonesantana9918,https://yt3.ggpht.com/ytc/AIdro_lNzVAWyDDUH1pmEY8jhpSH9LhlOrMsqrL0oNpdiwg=s48-c-k-c0x00ffffff-no-rj,Vai ter o custo da camisa da Meg,Vai ter o custo da camisa da Meg,0,none,True,2026-01-06T18:01:23Z,2026-01-06T18:01:23Z
UCj0O6W8yDuLg3iraAXKgCrQ,3ekLEtjfDG4,@damonesantana9918,UCI8KA_9H98uc9o-UtLHIqPg,http://www.youtube.com/@damonesantana9918,https://yt3.ggpht.com/ytc/AIdro_lNzVAWyDDUH1pmEY8jhpSH9LhlOrMsqrL0oNpdiwg=s48-c-k-c0x00ffffff-no-rj,É claro não é tu não ouvi o nome dos dos do desenho não é os padrinhos padrinhos padrinhos,É claro não é tu não ouvi o nome dos dos do desenho não é os padrinhos padrinhos padrinhos,0,none,True,2026-01-06T17:59:22Z,2026-01-06T17:59:22Z
UCj0O6W8yDuLg3iraAXKgCrQ,3ekLEtjfDG4,@francivaldogomes-p5t,UCzOCVMCJlxFkby2AT_J9Fhw,http://www.youtube.com/@francivaldogomes-p5t,https://yt3.ggpht.com/ZfAKaMd6I21oO8sxndfU8fADx2auCN6ld_69hSfsrnr78cJw-9gWx_TyKxFUTYyKhOWRfokBEg=s48-c-k-c0x00ffffff-no-rj,84763,84763,0,none,True,2026-01-03T23:46:30Z,2026-01-03T23:46:30Z
UCj0O6W8yDuLg3iraAXKgCrQ,3ekLEtjfDG4,@paollablox,UCXroMv6OHa5MQfxlo7zjKvQ,http://www.youtube.com/@paollablox,https://yt3.ggpht.com/Fwvj9pdeAaAa59MnhLWbX1gNWyxr9tVILBTzTp9MZRA0IT_ryFxUscyUFRc3G8Fo77dEADbz=s48-c-k-c0x00ffffff-no-rj,Uau q video legal,Uau q video legal,0,none,True,2025-12-27T22:55:44Z,2025-12-27T22:55:44Z
UCj0O6W8yDuLg3iraAXKgCrQ,3ekLEtjfDG4,@BAÚDOFLASHBACK,UCNTTtW23BfFZG0Sl7scOtng,http://www.youtube.com/@BA%C3%9ADOFLASHBACK,https://yt3.ggpht.com/kL7pq6LR8RmMJGQxZaG9L-sU_AQQQF8kyvCknquN5mmpwkqqQ6GZjNjZFVaRr3Na1TZDAgdr=s48-c-k-c0x00ffffff-no-rj,bizarros esses desenhos kkkkk,bizarros esses desenhos kkkkk,0,none,True,2025-12-27T04:43:40Z,2025-12-27T04:43:40Z
UCj0O6W8yDuLg3iraAXKgCrQ,3ekLEtjfDG4,@reginacunha8107,UCpfZv9wO-t4vY2Ry3CTn7DQ,http://www.youtube.com/@reginacunha8107,https://yt3.ggpht.com/ytc/AIdro_lRK2SYeLAK-IivoKu4V7PiuL_g2sj4DCLoM-4fzsvHmnvk=s48-c-k-c0x00ffffff-no-rj,😂😂😂😂😂😂😂yyyyyyy,😂😂😂😂😂😂😂yyyyyyy,0,none,True,2025-12-23T16:19:54Z,2025-12-23T16:19:54Z
UCj0O6W8yDuLg3iraAXKgCrQ,3ekLEtjfDG4,@celita_rs,UC_-4d_f9preujoOA9U8r8rw,http://www.youtube.com/@celita_rs,https://yt3.ggpht.com/ytc/AIdro_mJUq6AimFSIm1FqLgsZ-bbQB-tQuDjkB67RZlICGM-GM8=s48-c-k-c0x00ffffff-no-rj,1:53 O quadro pode ser da Liza qnd era neném 🤷🏻‍♀️,1:53 O quadro pode ser da Liza qnd era neném 🤷🏻‍♀️,1,none,True,2025-12-22T03:58:53Z,2025-12-22T04:00:46Z
UCj0O6W8yDuLg3iraAXKgCrQ,3ekLEtjfDG4,@ildaniasantos8094,UCFccGBo4DEjE3F0vsLLD7sg,http://www.youtube.com/@ildaniasantos8094,https://yt3.ggpht.com/aJ176R9zIbo7kT5X19tlZY3INInz35F1mJw_DTaEeBeXJrArQcKPWDcjhfej-EbAK5n9obPyZNs=s48-c-k-c0x00ffffff-no-rj,😃😃😃👍👍👍👍,😃😃😃👍👍👍👍,0,none,True,2025-12-19T19:56:41Z,2025-12-19T19:56:41Z
UCj0O6W8yDuLg3iraAXKgCrQ,3ekLEtjfDG4,@raicatomate,UCmZoM9IHhG1QcoHdCkDNs9Q,http://www.youtube.com/@raicatomate,https://yt3.ggpht.com/2D2yQQXXCLEcnltt1AS2RK3haDxMQ8p5Rk_-wADDkt64tKcr_MZq5ty-RW8tndJuPa9y5WWi3w=s48-c-k-c0x00ffffff-no-rj,faz sentido e não faz sentido ao mesmo tempo kk,faz sentido e não faz sentido ao mesmo tempo kk,0,none,True,2025-12-19T06:00:26Z,2025-12-19T06:00:26Z
UCj0O6W8yDuLg3iraAXKgCrQ,3ekLEtjfDG4,@josenunes7221,UCKiGGj0olqEK3uwLLX4OoWg,http://www.youtube.com/@josenunes7221,https://yt3.ggpht.com/fBadt4Uw3EDWUgZUM-P62JNhEYVwXKNh3-nKarfbNPeOz55SktLekEpBbyrZ5dYS0yIGiHF0_w=s48-c-k-c0x00ffffff-no-rj,Muito masa,Muito masa,0,none,True,2025-12-18T14:48:45Z,2025-12-18T14:48:45Z
UCj0O6W8yDuLg3iraAXKgCrQ,3ekLEtjfDG4,@thaisemiliano6155,UCsMlJ2-VanGTd-G7CJvbbyg,http://www.youtube.com/@thaisemiliano6155,https://yt3.ggpht.com/ytc/AIdro_lobEygh6O_Bjl7h7mr4MTRESHAyLTBfmIrqCBX7xUBostd5FaRyhFqYGRxUGQnwchWjQ=s48-c-k-c0x00ffffff-no-rj,Onde é que tem esse do pai do Patrick e o pai do Gary?,Onde é que tem esse do pai do Patrick e o pai do Gary?,0,none,True,2025-12-18T04:29:53Z,2025-12-18T04:29:53Z
UCj0O6W8yDuLg3iraAXKgCrQ,3ekLEtjfDG4,@paola-linda,UCNM0AxbbjkDOObeO84CjM-g,http://www.youtube.com/@paola-linda,https://yt3.ggpht.com/ytc/AIdro_nKkIBEl86bDoyoZYcEvMwbd0x5Axmi0i87zaV1WT0oqGA60CgbEDEinqUAaa9pb4TwIQ=s48-c-k-c0x00ffffff-no-rj,Legal😂,Legal😂,0,none,True,2025-12-11T19:18:19Z,2025-12-11T19:18:19Z
UCj0O6W8yDuLg3iraAXKgCrQ,3ekLEtjfDG4,@ArthurCorrêaanzini,UCyTzlamuL0bkhY4UrnNQQow,http://www.youtube.com/@ArthurCorr%C3%AAaanzini,https://yt3.ggpht.com/ytc/AIdro_lImVEFshLCzwKPwsKil_wI44W3fLO5VgHisdM_-Jtm5ZMsPSMXFTRot9-tSU3zW38Ftw=s48-c-k-c0x00ffffff-no-rj,É bobisposjA causa cagadas 😂😂😂😂😂😂😂😂😂😂😂😂😂😂😂😂😂😂😂😂😂😂😂😂😂😂😂😂😂😂😂😂😂😂😂😂🎉😂🎉🎉🎉😂😂😂😂,É bobisposjA causa cagadas 😂😂😂😂😂😂😂😂😂😂😂😂😂😂😂😂😂😂😂😂😂😂😂😂😂😂😂😂😂😂😂😂😂😂😂😂🎉😂🎉🎉🎉😂😂😂😂,0,none,True,2025-12-11T10:41:09Z,2025-12-11T10:41:09Z
UCj0O6W8yDuLg3iraAXKgCrQ,3ekLEtjfDG4,@ZeildesSantos,UC4ODl8Zvtqy3Wh_jLWxYXag,http://www.youtube.com/@ZeildesSantos,https://yt3.ggpht.com/ytc/AIdro_kK68V1PsiL_gtr_35iUsl1WMkWXHV-hRtzAb4mdviPQElkIb5aTYnVWhHIr6aaD03wuQ=s48-c-k-c0x00ffffff-no-rj,847,847,0,none,True,2025-12-10T17:31:45Z,2025-12-10T17:31:45Z
UCj0O6W8yDuLg3iraAXKgCrQ,3ekLEtjfDG4,@Caramelo-q4w,UCor_vQD-A5O_ISIQ258sYtg,http://www.youtube.com/@Caramelo-q4w,https://yt3.ggpht.com/UYIxcYjvHBaawXZ6tSVL-SeX71qHekJbnTaFluuiLFTxm-4QVZ53IIKay7duiGnQUHGQ0yBOew=s48-c-k-c0x00ffffff-no-rj,Dos Simpsons do quadro pode ser a lisa pequena…,Dos Simpsons do quadro pode ser a lisa pequena…,0,none,True,2025-12-08T05:41:44Z,2025-12-08T05:41:44Z
UCj0O6W8yDuLg3iraAXKgCrQ,3ekLEtjfDG4,@RomanaGabriel-c8z,UCTlf8fQ2naKIEnL-23bu7tw,http://www.youtube.com/@RomanaGabriel-c8z,https://yt3.ggpht.com/ytc/AIdro_nG4SbiRinF1vfW-o9Rnw5llJVk7TkcI6fsy_QOXjoibee1KSsh76gul9To0U7W2NWuBQ=s48-c-k-c0x00ffffff-no-rj,Aqui em Moçambique ele é espoyboy,Aqui em Moçambique ele é espoyboy,0,none,True,2025-11-08T08:19:50Z,2025-11-08T08:19:50Z
UCj0O6W8yDuLg3iraAXKgCrQ,3ekLEtjfDG4,@LauraFerreira-e8b,UC87Qsr83CV7QM__isJ--xGA,http://www.youtube.com/@LauraFerreira-e8b,https://yt3.ggpht.com/ytc/AIdro_n1hHNFfhXBR4BASbMAHa8CRJOT-_7vV_OG-i3RKWwWIZ-j-3B7Fl4iapOfpamSrb2qYA=s48-c-k-c0x00ffffff-no-rj,Você sabia❤❤❤❤❤❤❤❤😅😅😂😂,Você sabia❤❤❤❤❤❤❤❤😅😅😂😂,0,none,True,2025-11-04T11:22:56Z,2025-11-04T11:22:56Z
UCj0O6W8yDuLg3iraAXKgCrQ,3ekLEtjfDG4,@leogildonhantumbo8581,UCPppSlDCB936zBPqey_G1ZQ,http://www.youtube.com/@leogildonhantumbo8581,https://yt3.ggpht.com/Az0x3MAPF8e4-djoXhNR4RmTTrMcGcKGs-3_4uhjEZr-jVz9EN9UF0U_JpJmOeStXV-RX2GpndM=s48-c-k-c0x00ffffff-no-rj,Uau,Uau,0,none,True,2025-11-02T11:12:40Z,2025-11-02T11:12:40Z
UCj0O6W8yDuLg3iraAXKgCrQ,3ekLEtjfDG4,@leogildonhantumbo8581,UCPppSlDCB936zBPqey_G1ZQ,http://www.youtube.com/@leogildonhantumbo8581,https://yt3.ggpht.com/Az0x3MAPF8e4-djoXhNR4RmTTrMcGcKGs-3_4uhjEZr-jVz9EN9UF0U_JpJmOeStXV-RX2GpndM=s48-c-k-c0x00ffffff-no-rj,Oi,Oi,0,none,True,2025-11-02T11:06:38Z,2025-11-02T11:06:38Z
UCj0O6W8yDuLg3iraAXKgCrQ,3ekLEtjfDG4,@xavi7379,UCPRFqF259U_psOTvVf5mwCw,http://www.youtube.com/@xavi7379,https://yt3.ggpht.com/ytc/AIdro_l_ui6U4KcL-0_TyCJYDYX07cXBdqAkwIlsUKM-43k=s48-c-k-c0x00ffffff-no-rj,0:16 sobrea alguns dos tão mamados?,0:16 sobrea alguns dos tão mamados?,0,none,True,2025-11-02T01:39:43Z,2025-11-02T01:39:43Z
UCj0O6W8yDuLg3iraAXKgCrQ,3ekLEtjfDG4,@WSFactsofc,UCuG8LJoORO-O76AL88TWD3w,http://www.youtube.com/@WSFactsofc,https://yt3.ggpht.com/Z-yczXT6Zs8p8SyFe129ldkQIXxN98MV3Vy9eLsHmhfiov7uJqPF819F2eWwsh4coIKyyTXG=s48-c-k-c0x00ffffff-no-rj,gosto dos seus vídeos,gosto dos seus vídeos,0,none,True,2025-10-30T14:10:48Z,2025-10-30T14:10:48Z
UCj0O6W8yDuLg3iraAXKgCrQ,3ekLEtjfDG4,@lover.kpopalice,UC38DSZIO4SHz2CoAWFMKBtw,http://www.youtube.com/@lover.kpopalice,https://yt3.ggpht.com/Q3K7atRclnhOW-Y7usmDpFwYRbkvte_aPoPWb1S8JldtR64cJRA_h549iUZxf6S0WhcoOg64=s48-c-k-c0x00ffffff-no-rj,"Gente, a foto da meg pode ser a liza","Gente, a foto da meg pode ser a liza",1,none,True,2025-10-30T04:06:04Z,2025-10-30T04:06:13Z
UCj0O6W8yDuLg3iraAXKgCrQ,3ekLEtjfDG4,@tianasebastianapereiradoss5683,UC3b76j3WzcOS5lvCcgfH0wg,http://www.youtube.com/@tianasebastianapereiradoss5683,https://yt3.ggpht.com/ytc/AIdro_lB3WCruSUe44WBIY2VpQQ1dy8vBo-uBQ5lPUD5vz39dfTD=s48-c-k-c0x00ffffff-no-rj,Oie😊,Oie😊,0,none,True,2025-10-28T19:48:05Z,2025-10-28T19:48:05Z
UCj0O6W8yDuLg3iraAXKgCrQ,3ekLEtjfDG4,@rosycardoso5645,UC30Dv_ENIKDd2R8qE6GwjLw,http://www.youtube.com/@rosycardoso5645,https://yt3.ggpht.com/ytc/AIdro_lvjXf_kF2DNFCOKOWJ73koBvFimYZWRTqw01OoLgw=s48-c-k-c0x00ffffff-no-rj,Quem.    Criou.    A.    Galáxia,Quem.    Criou.    A.    Galáxia,0,none,True,2025-10-28T13:42:41Z,2025-10-28T13:42:41Z
UCj0O6W8yDuLg3iraAXKgCrQ,3ekLEtjfDG4,@wmgames7723,UC7AppDh8mNwhEbFyvNJ6iIQ,http://www.youtube.com/@wmgames7723,https://yt3.ggpht.com/W44vVikhMAa072NAR8xQue-oBgCv_SonkBG2U-KzIZpsBqFAaD7YTEALogQ4SLWOKBaApTChjg=s48-c-k-c0x00ffffff-no-rj,Quem tiver mais like e gay,Quem tiver mais like e gay,0,none,True,2025-10-09T01:19:14Z,2025-10-09T01:19:14Z
UCj0O6W8yDuLg3iraAXKgCrQ,3ekLEtjfDG4,@samiremanuelvieiraralile1071,UCdDYAqU7e4g_0rkbx_Eevug,http://www.youtube.com/@samiremanuelvieiraralile1071,https://yt3.ggpht.com/l4rtrD8jXLUDy8hfq4t742YTkW4j5gdtAsoAZvmHgYLx4NOKXG_AqU7zCIP0Lz-G2cRlz-RI=s48-c-k-c0x00ffffff-no-rj,O Bob tá bem novinho,O Bob tá bem novinho,1,none,True,2025-10-04T00:07:46Z,2025-10-04T00:07:46Z
UCj0O6W8yDuLg3iraAXKgCrQ,3ekLEtjfDG4,@sonalebrizola,UCXmk-crn5RT8EL5jb7j9aLg,http://www.youtube.com/@sonalebrizola,https://yt3.ggpht.com/1fONXfdJbNYj8r_o-URmZI67bthzWPfpKGFbsWY49ZDqDz87oHRop1v7UISXWANh-nYZI5pM=s48-c-k-c0x00ffffff-no-rj,A. Caba like. Eu. Bebo,A. Caba like. Eu. Bebo,0,none,True,2025-09-30T17:38:50Z,2025-09-30T17:38:50Z
UCj0O6W8yDuLg3iraAXKgCrQ,3ekLEtjfDG4,@Caridez23,UCKEYZaSO2nUxgcqzCoHxeDw,http://www.youtube.com/@Caridez23,https://yt3.ggpht.com/ghMN-jsokE4N4N_tkAnV7rZic2oJmjRZWnB-pzT0PxbJRCrK4ZBCw5PTf8cqNQG1RpXc3SiJ5KA=s48-c-k-c0x00ffffff-no-rj,Essa aí na foto é lisa,Essa aí na foto é lisa,1,none,True,2025-09-18T20:55:07Z,2025-09-18T20:55:07Z
UCj0O6W8yDuLg3iraAXKgCrQ,3ekLEtjfDG4,@Bianca-q5z5z,UCyh95lLi_6F2hijx3PT7FBw,http://www.youtube.com/@Bianca-q5z5z,https://yt3.ggpht.com/-90gx6aG_YLDWPIWo4JOqxcc8L8jXVGnrUFRFK-QCvJL7hADBBnvNKxIgiD9XTdAGPH6s2wkgqY=s48-c-k-c0x00ffffff-no-rj,A cada like eu bebo água,A cada like eu bebo água,1,none,True,2025-09-18T15:26:55Z,2025-09-18T15:26:55Z
UCj0O6W8yDuLg3iraAXKgCrQ,3ekLEtjfDG4,@ValdineiSouza-q2o,UCHHTwKZOGdsjwrr5d42AMAA,http://www.youtube.com/@ValdineiSouza-q2o,https://yt3.ggpht.com/ytc/AIdro_ln8OjxUL46_tu_e7eufksVeJfaGRCu7w3Qhf4NaE0RyMKKXLjLbfO3cS-bcT1CG7kUrg=s48-c-k-c0x00ffffff-no-rj,Ate a blusa e amarela,Ate a blusa e amarela,0,none,True,2025-09-15T00:34:56Z,2025-09-15T00:34:56Z
UCj0O6W8yDuLg3iraAXKgCrQ,3ekLEtjfDG4,@ValdineiSouza-q2o,UCHHTwKZOGdsjwrr5d42AMAA,http://www.youtube.com/@ValdineiSouza-q2o,https://yt3.ggpht.com/ytc/AIdro_ln8OjxUL46_tu_e7eufksVeJfaGRCu7w3Qhf4NaE0RyMKKXLjLbfO3cS-bcT1CG7kUrg=s48-c-k-c0x00ffffff-no-rj,E a Lisa,E a Lisa,0,none,True,2025-09-15T00:27:57Z,2025-09-15T00:27:57Z
UCj0O6W8yDuLg3iraAXKgCrQ,3ekLEtjfDG4,@leonardogaldino6891,UCnJT1Bb66y8ReJRoC9nLs2w,http://www.youtube.com/@leonardogaldino6891,https://yt3.ggpht.com/ytc/AIdro_npI8Ol1qv9YEPBFUzgYKPEVKd7sfwul4ZZXXHrtIQM7b8=s48-c-k-c0x00ffffff-no-rj,M a Deus,M a Deus,0,none,True,2025-09-14T23:52:09Z,2025-09-14T23:52:09Z
UCj0O6W8yDuLg3iraAXKgCrQ,3ekLEtjfDG4,@OfeliaGuilengue,UCH_HGTw5FcG39fxmezyWJ2Q,http://www.youtube.com/@OfeliaGuilengue,https://yt3.ggpht.com/ytc/AIdro_nlxcyAZPoeb0TtHuLoF1IT_yb3yrUMXPeRUX3UB7fK3cfa2_g1rlcAw0kCzBs0InPpZg=s48-c-k-c0x00ffffff-no-rj,😂,😂,0,none,True,2025-09-14T20:36:18Z,2025-09-14T20:36:18Z
UCj0O6W8yDuLg3iraAXKgCrQ,3ekLEtjfDG4,@GabBluePin-13,UCw-ifdY24QlgVEsLQjkkaPw,http://www.youtube.com/@GabBluePin-13,https://yt3.ggpht.com/3v1-9yII6IR3NV01iQqFMEYnUeJZBxjSTlxG3bxa_kAjWlVFkNBCNHslVBfDmZvfsFyslJE19g=s48-c-k-c0x00ffffff-no-rj,11:19 cara OS MINIONS SÃO AMARELOS TBM!!!!!!!,11:19 cara OS MINIONS SÃO AMARELOS TBM!!!!!!!,1,none,True,2025-09-12T18:15:57Z,2025-09-12T18:15:57Z
UCj0O6W8yDuLg3iraAXKgCrQ,3ekLEtjfDG4,@GabBluePin-13,UCw-ifdY24QlgVEsLQjkkaPw,http://www.youtube.com/@GabBluePin-13,https://yt3.ggpht.com/3v1-9yII6IR3NV01iQqFMEYnUeJZBxjSTlxG3bxa_kAjWlVFkNBCNHslVBfDmZvfsFyslJE19g=s48-c-k-c0x00ffffff-no-rj,"1:12 😨 EU ASSISTIR DOIS ANJOS CHAMADOS ONAFIM E SERAFIM CUIDANDO DE UMA CRIANÇA!? 
EU N QUERO MAIS ASSISTIR PADRINHOS MÁGICOS DEPOIS QUE EU VI ISSO!!!!!!!
Mn anjo é de Deus mais a forma real de um anjo misericórdia 💀💀💀💀💀","1:12 😨 EU ASSISTIR DOIS ANJOS CHAMADOS ONAFIM E SERAFIM CUIDANDO DE UMA CRIANÇA!? 
EU N QUERO MAIS ASSISTIR PADRINHOS MÁGICOS DEPOIS QUE EU VI ISSO!!!!!!!
Mn anjo é de Deus mais a forma real de um anjo misericórdia 💀💀💀💀💀",0,none,True,2025-09-12T18:01:30Z,2025-09-12T18:03:53Z
UCj0O6W8yDuLg3iraAXKgCrQ,3ekLEtjfDG4,@GuPanasolo,UCIBWQM8UxwK658LAXwwo70w,http://www.youtube.com/@GuPanasolo,https://yt3.ggpht.com/HWTwplyxBAHqVc_zc4MX884Vr1hkoTNP2KaAJ5lOs6Ki0-OrpulVJXg72Etp0ue6sEY063MhJIs=s48-c-k-c0x00ffffff-no-rj,Legal,Legal,0,none,True,2025-09-08T19:40:30Z,2025-09-08T19:40:30Z
UCj0O6W8yDuLg3iraAXKgCrQ,3ekLEtjfDG4,@apmacidoo6529,UCjTLcKiRl1nUP4Hi3pcYXtg,http://www.youtube.com/@apmacidoo6529,https://yt3.ggpht.com/LIoxvkx5iOTYOrhtJ2CLw2eqUEx9-NbSoePQdKMhNZOu5a64ioJfOn1H3hBKng1JgC93-UjUyww=s48-c-k-c0x00ffffff-no-rj,2:07 é a lisa 🙄,2:07 é a lisa 🙄,0,none,True,2025-09-04T14:10:11Z,2025-09-04T14:10:11Z
UCj0O6W8yDuLg3iraAXKgCrQ,3ekLEtjfDG4,@RaysaoliveiraKetlen,UCk53FzZumbziMF_r-EnRn4w,http://www.youtube.com/@RaysaoliveiraKetlen,https://yt3.ggpht.com/OqDdbM_eVrKzei_yhf3ZJpM__y1sW-OEKFVnM9k5fSBCanb-gAj_SzgjdBpBbxlvSs8b0rJlng=s48-c-k-c0x00ffffff-no-rj,Mais a Meggie no quadro é a lisa quando ela era criança,Mais a Meggie no quadro é a lisa quando ela era criança,0,none,True,2025-09-03T12:49:58Z,2025-09-03T12:49:58Z
UCj0O6W8yDuLg3iraAXKgCrQ,3ekLEtjfDG4,@GimaPeres,UCEidnlSNyvMsxioDoDMBSFw,http://www.youtube.com/@GimaPeres,https://yt3.ggpht.com/ytc/AIdro_khmeWaPqEFFNXiWHgSHpRCJDmCuWJlirCk_lVQBtJeUPF1q8TvwiBHuhZs6LI5d8ldPg=s48-c-k-c0x00ffffff-no-rj,"O líder da cidadela não é um Rick e um morty, tanto que é um morty malvado 😂 tem tudo a ver essa teoria","O líder da cidadela não é um Rick e um morty, tanto que é um morty malvado 😂 tem tudo a ver essa teoria",0,none,True,2025-09-02T05:09:03Z,2025-09-02T05:09:03Z
UCj0O6W8yDuLg3iraAXKgCrQ,3ekLEtjfDG4,@loud_sx1263,UClAo6I8Mw66__-0uyckQu5w,http://www.youtube.com/@loud_sx1263,https://yt3.ggpht.com/ytc/AIdro_kQmoKU8jutFWahUO7_VzxGZDtZUKEyDA85aZRpQ-gUz-JKqbFVN4C9rKZwBSJ3zld_cg=s48-c-k-c0x00ffffff-no-rj,Eu sempre achei q os animadores tinham preguiça de fazer o quinto dedo nos personagens kk,Eu sempre achei q os animadores tinham preguiça de fazer o quinto dedo nos personagens kk,3,none,True,2025-08-31T00:33:27Z,2025-08-31T00:33:27Z
UCj0O6W8yDuLg3iraAXKgCrQ,3ekLEtjfDG4,@mwfba,UCyzkz7jOtO3i1btF4mjC88w,http://www.youtube.com/@mwfba,https://yt3.ggpht.com/eiJrvgkgLitYBNusEg8DX8aRblAaGj5gUrfDe27wq7p0osXkCGeBPIPXa1055nrxBsFFa-uG=s48-c-k-c0x00ffffff-no-rj,Eu não tinha reparado nessas curiosidades 😮,Eu não tinha reparado nessas curiosidades 😮,1,none,True,2025-08-26T01:51:12Z,2025-08-26T01:51:12Z
UCj0O6W8yDuLg3iraAXKgCrQ,3ekLEtjfDG4,@thiagolima5045,UCiZ9WVlXwwPzZPD4omgZRkQ,http://www.youtube.com/@thiagolima5045,https://yt3.ggpht.com/ytc/AIdro_nTEH7ZGASZGkXOUpIQpaw7XYZfqWBq8Q6GAyW3FrMdpgQ=s48-c-k-c0x00ffffff-no-rj,É a Liza não qundo era bebe,É a Liza não qundo era bebe,0,none,True,2025-08-26T01:48:07Z,2025-08-26T01:49:02Z
UCj0O6W8yDuLg3iraAXKgCrQ,3ekLEtjfDG4,@EventosRandômico,UC_jjINGpUBPl59Tisx4Uygg,http://www.youtube.com/@EventosRand%C3%B4mico,https://yt3.ggpht.com/X7z8xjgxx_2LuGDlWXgzTczPhZbxqy_LT1K900pvMb8cCl0DzxDIpTMdgAAdHI4T858y60f4=s48-c-k-c0x00ffffff-no-rj,Otimo saber mais sobre os desenhos ,Otimo saber mais sobre os desenhos ,0,none,True,2025-08-22T05:34:26Z,2025-08-22T05:34:26Z
UCj0O6W8yDuLg3iraAXKgCrQ,3ekLEtjfDG4,@LeandroSouza-o5v,UC8xUcd8zecTNofWQblxhB9A,http://www.youtube.com/@LeandroSouza-o5v,https://yt3.ggpht.com/ytc/AIdro_leFFe8KMeL6dviJz4lflNtiouNm3lwAszN8UUFbfSwdMLOPurEgsecMSCzM5JDe-AUAA=s48-c-k-c0x00ffffff-no-rj,Cada like eu bebo cachaça.,Cada like eu bebo cachaça.,1,none,True,2025-08-19T15:23:02Z,2025-08-19T15:23:02Z
UCj0O6W8yDuLg3iraAXKgCrQ,3ekLEtjfDG4,@OseiasAraújo-d2w,UC3kZ0IoAx1nP2bbhrMN0fQA,http://www.youtube.com/@OseiasAra%C3%BAjo-d2w,https://yt3.ggpht.com/yT8ZISD26VMKurrnJWQvZSlsilbY3MsXMz5pn5GBXGWlJhSibQVhzu_SVTSgA6bE1H3TSLWm=s48-c-k-c0x00ffffff-no-rj,Oseas,Oseas,0,none,True,2025-08-16T17:44:12Z,2025-08-16T17:44:12Z
UCj0O6W8yDuLg3iraAXKgCrQ,3ekLEtjfDG4,@GuilsonSisAgeu,UC0XPxZ5GqCQ2cKFKl917TYg,http://www.youtube.com/@GuilsonSisAgeu,https://yt3.ggpht.com/0qgpaPps5o7RCEchwx8cG1VqQHlkyPPizarwY7se3v4s3DpnB1DfoSbVZXgaAXSp9xwOxV-injc=s48-c-k-c0x00ffffff-no-rj,Também os Mínimos são amarelos,Também os Mínimos são amarelos,0,none,True,2025-08-14T07:02:49Z,2025-08-14T07:02:49Z
UCj0O6W8yDuLg3iraAXKgCrQ,3ekLEtjfDG4,@El-Clanfle,UC4IY4PkyhBiM_iny7vY-ahw,http://www.youtube.com/@El-Clanfle,https://yt3.ggpht.com/RvAb4Plpa1mIxKJVkuqe9CS0uSLOkac9Fni5gJ_0y3wf92A-pxIeGuUvoo5Rd4z9qPbA_fPE=s48-c-k-c0x00ffffff-no-rj,Alguém em 2027?,Alguém em 2027?,0,none,True,2025-08-09T06:22:23Z,2025-08-09T06:22:23Z
UCj0O6W8yDuLg3iraAXKgCrQ,3ekLEtjfDG4,@celiawenddy8884,UCzYhXibgnFeWKwSL6ak2Emw,http://www.youtube.com/@celiawenddy8884,https://yt3.ggpht.com/ytc/AIdro_nbyR4A0iIj0U7WzSUYLOM-mIuL4z7QDbuxum00hnM=s48-c-k-c0x00ffffff-no-rj,😂😂😂😂😂😂😂,😂😂😂😂😂😂😂,0,none,True,2025-08-04T00:31:02Z,2025-08-04T00:31:02Z
UCj0O6W8yDuLg3iraAXKgCrQ,3ekLEtjfDG4,@DhimillySantos,UCTuV49TnN8acLbfXZXq-7Bw,http://www.youtube.com/@DhimillySantos,https://yt3.ggpht.com/ytc/AIdro_koRtQTuIwjQ4FP3RZVg1uE66PaOdUeqFgH8lWkw-1bt37GjlJuRBJ7yTL7l5mFm3VeNQ=s48-c-k-c0x00ffffff-no-rj,Alguém em 2025,Alguém em 2025,0,none,True,2025-08-01T01:36:50Z,2025-08-01T01:36:50Z
UCj0O6W8yDuLg3iraAXKgCrQ,3ekLEtjfDG4,@KaioEduardoLopes-s7d,UChR4cM60tK5Jq6T0P0hscqg,http://www.youtube.com/@KaioEduardoLopes-s7d,https://yt3.ggpht.com/cUAVXUVCi__LQDJNa2_IyLk-hX7CZFl9KHDXjvazC19ZG3l2aGcpGotHKPZP0399pr0Rg5aR3g=s48-c-k-c0x00ffffff-no-rj,❤oi,❤oi,0,none,True,2025-07-29T00:19:41Z,2025-07-29T00:19:41Z
UCj0O6W8yDuLg3iraAXKgCrQ,3ekLEtjfDG4,@anny_csilva978,UCe3HywVzfenteYuno4feDew,http://www.youtube.com/@anny_csilva978,https://yt3.ggpht.com/2fFyvi6PEj3Ph6lNlwBQiPf-XQJmWIMypOJiMInl_bEgdz-EKaVv5jZWYs9oWlMcGt57xd2FMw=s48-c-k-c0x00ffffff-no-rj,"No lance da compra, deve ter sido pesada e por isso deu esse valo","No lance da compra, deve ter sido pesada e por isso deu esse valo",0,none,True,2025-07-28T13:41:31Z,2025-07-28T13:41:31Z
UCj0O6W8yDuLg3iraAXKgCrQ,3ekLEtjfDG4,@_bielzinhoxd,UCy8QIoWDJkUUinoSTqsk9bA,http://www.youtube.com/@_bielzinhoxd,https://yt3.ggpht.com/7HPXu_LU6WcZRpznGyo_IrItgiRRZuny30sJI5M_TLzKBwDmYeELUX6qLfc_QAVaZ3gupnzHgg=s48-c-k-c0x00ffffff-no-rj,parte do rick and morty 8:12,parte do rick and morty 8:12,0,none,True,2025-07-18T19:32:50Z,2025-07-18T19:32:50Z
UCj0O6W8yDuLg3iraAXKgCrQ,3ekLEtjfDG4,@RaysonJunior-i8s,UCCoEDUiG9TmBb6hV3s_DrAw,http://www.youtube.com/@RaysonJunior-i8s,https://yt3.ggpht.com/ytc/AIdro_lp9OQ-_ykMGuXZ9KrcKyPSm9kA9vB9cMF5T5UXie-0OmMMmgygTjG1BuATiGxiSrkuCQ=s48-c-k-c0x00ffffff-no-rj,Dsss,Dsss,0,none,True,2025-07-13T22:31:11Z,2025-07-13T22:31:11Z
UCj0O6W8yDuLg3iraAXKgCrQ,3ekLEtjfDG4,@MundoMixPlay,UCT1y7ycrcWZMZPi8opheaEg,http://www.youtube.com/@MundoMixPlay,https://yt3.ggpht.com/v9UVb4vmlcHqcEZH5eDOastqjs_PWNUf_zKSRewM-Tkq6_CrmuKwkID-Ll82OCfBnq7eRtDDgg=s48-c-k-c0x00ffffff-no-rj,Cada um like que eu ganhar eu como bolo de cenoura😋😋😋😋😋😋,Cada um like que eu ganhar eu como bolo de cenoura😋😋😋😋😋😋,1,none,True,2025-07-10T20:43:51Z,2025-07-10T20:43:51Z
UCj0O6W8yDuLg3iraAXKgCrQ,3ekLEtjfDG4,@ROBIN021I,UCx2LwW0E9Q_xQgupIqHEkxQ,http://www.youtube.com/@ROBIN021I,https://yt3.ggpht.com/1nRhcx-4NqYexFcIq-U_rlaOySbkrISIN-eku57i8kBiNgNswdlGQcJsgJxn5zc-SimH8NkVEg=s48-c-k-c0x00ffffff-no-rj,eu amo vcs dois ❤,eu amo vcs dois ❤,0,none,True,2025-07-07T02:36:28Z,2025-07-07T02:36:28Z
UCj0O6W8yDuLg3iraAXKgCrQ,3ekLEtjfDG4,@LuccaFernandes-f8h,UC3c1QQxryFwtBxvBrF_NNeg,http://www.youtube.com/@LuccaFernandes-f8h,https://yt3.ggpht.com/-boXnp_khWc6E5zZdpaoUjbbhEQ0Cpvp_mLbQeEYAGU7wcBTjpnL26TCN-K0Y6chyJHcgXtY3Q=s48-c-k-c0x00ffffff-no-rj,Muito bom,Muito bom,0,none,True,2025-06-30T02:42:51Z,2025-06-30T02:42:51Z
UCj0O6W8yDuLg3iraAXKgCrQ,3ekLEtjfDG4,@MárciaSantos-k1f,UC7cztd5rgvPcG6xDORK3dkQ,http://www.youtube.com/@M%C3%A1rciaSantos-k1f,https://yt3.ggpht.com/ytc/AIdro_nWBkhs3XZcENi1MSPCdcXzpUjnMm2sZJbVobSifX-nvmmNb8bXfpOmj_RTnLGbL03qbA=s48-c-k-c0x00ffffff-no-rj,Amo vcs ❤❤,Amo vcs ❤❤,0,none,True,2025-06-29T16:20:06Z,2025-06-29T16:20:06Z
UCj0O6W8yDuLg3iraAXKgCrQ,3ekLEtjfDG4,@Catmes9883,UCJyyPVb44FtvOKwkJgRVxjQ,http://www.youtube.com/@Catmes9883,https://yt3.ggpht.com/XJY-K_0X61nycIZojq9epbuGNjCkuRPl3TL97S91lZEmaMgxzoGf1KRHzHiR4EFh18g4iwh91g=s48-c-k-c0x00ffffff-no-rj,O codigo: (647.63),O codigo: (647.63),1,none,True,2025-06-23T12:10:36Z,2025-06-23T12:10:57Z
UCj0O6W8yDuLg3iraAXKgCrQ,3ekLEtjfDG4,@TalitaanastacioFathy-fe8kl,UCKFrtem42ZCB6w-gXi8apOA,http://www.youtube.com/@TalitaanastacioFathy-fe8kl,https://yt3.ggpht.com/ytc/AIdro_mB0AEzuPBnHUnbJ05Kn6OFC0GWil99rk2mq0C8tMcOp8jSTPBxtIYFzdnOER1R9KYpvA=s48-c-k-c0x00ffffff-no-rj,A foto é da Lisa BB não dá meg 😂,A foto é da Lisa BB não dá meg 😂,0,none,True,2025-06-20T16:35:44Z,2025-06-20T16:35:44Z
UCj0O6W8yDuLg3iraAXKgCrQ,3ekLEtjfDG4,@gregorioneto5727,UC209uKMO9teL9ycflFGnCcw,http://www.youtube.com/@gregorioneto5727,https://yt3.ggpht.com/ytc/AIdro_lpRVSst1cxGzL-LJAn1apYOzpWg-U-sXVKjwPkl9lH4jk=s48-c-k-c0x00ffffff-no-rj,Verdade...,Verdade...,0,none,True,2025-06-19T15:04:31Z,2025-06-19T15:04:31Z
UCj0O6W8yDuLg3iraAXKgCrQ,3ekLEtjfDG4,@ThalysonBrito,UCHxRs2re7XrF0PbU4cTAyEg,http://www.youtube.com/@ThalysonBrito,https://yt3.ggpht.com/ytc/AIdro_k_iHRN_l0TsKsAqRXBnKvUhZMHXsLhXvCXgVIQHJzdJTRw7Wt_G9XEs4chamQySZQzjQ=s48-c-k-c0x00ffffff-no-rj,awesome,awesome,0,none,True,2025-06-13T00:23:26Z,2025-06-13T00:23:26Z
UCj0O6W8yDuLg3iraAXKgCrQ,3ekLEtjfDG4,@JoãoPauloPaulo-p8x,UCfXErcgPRg8G2tEedmBGAlA,http://www.youtube.com/@Jo%C3%A3oPauloPaulo-p8x,https://yt3.ggpht.com/grXF-KvueEkIm8iuqhwM4XhdmF4w4RvJd-EufVuTYhUdow0VZ_jpkbeS6ze4f97t3ulSN40Glg=s48-c-k-c0x00ffffff-no-rj,Eu love seus vídeos ❤❤,Eu love seus vídeos ❤❤,0,none,True,2025-06-12T02:29:40Z,2025-06-12T02:29:40Z
UCj0O6W8yDuLg3iraAXKgCrQ,3ekLEtjfDG4,@emersonrodrigues1162,UCQXwQfkP3Rod2qlyzxLXlNg,http://www.youtube.com/@emersonrodrigues1162,https://yt3.ggpht.com/ytc/AIdro_lFoylHKMb7qonqF-ZNDLNdRXc5wywTBx6LdNIfn7s=s48-c-k-c0x00ffffff-no-rj,Era a lisa,Era a lisa,0,none,True,2025-06-09T18:22:21Z,2025-06-09T18:22:21Z
UCj0O6W8yDuLg3iraAXKgCrQ,3ekLEtjfDG4,@família_irmaos-66,UCakXO5jsiNt71DSP_RbSthw,http://www.youtube.com/@fam%C3%ADlia_irmaos-66,https://yt3.ggpht.com/kbbZ8UhcQAO4EMdpTdG5Wr4zGjFBsc53BUOlFhj6D-Gv5yCwNQwHfY812Zy7Y7FtQLocejpl2A=s48-c-k-c0x00ffffff-no-rj,A pepa pig tem três dedos kkk😅😅😅😅😅😂😂😂😂,A pepa pig tem três dedos kkk😅😅😅😅😅😂😂😂😂,0,none,True,2025-06-09T12:15:18Z,2025-06-09T12:15:18Z
UCj0O6W8yDuLg3iraAXKgCrQ,3ekLEtjfDG4,@puzole12,UCzBfTvGeyh6M_My7cVrf7mQ,http://www.youtube.com/@puzole12,https://yt3.ggpht.com/5jPV5xn1LRFhaqyPrwRMU0n4OVXixqMEW24bBkHa4SX50GIkx0JUpcq9edxlhioPObjVP8HIMg=s48-c-k-c0x00ffffff-no-rj,"Gente, pausa no momento 9:09. Fica muito engraçado😂😂😂","Gente, pausa no momento 9:09. Fica muito engraçado😂😂😂",0,none,True,2025-06-07T01:47:25Z,2025-06-07T01:47:25Z
UCj0O6W8yDuLg3iraAXKgCrQ,3ekLEtjfDG4,@LorhannyBrenda-z6c,UCOpn9upgt5dgngB8dGTy3FA,http://www.youtube.com/@LorhannyBrenda-z6c,https://yt3.ggpht.com/ytc/AIdro_md5VUxzH5yjyJv_IEGemehUPXnmQvty_gdK0OWc6XAOS-XVJ0B1M0OaXt1Bsp6kPB0PA=s48-c-k-c0x00ffffff-no-rj,Oi,Oi,0,none,True,2025-06-06T01:58:37Z,2025-06-06T01:58:37Z
UCj0O6W8yDuLg3iraAXKgCrQ,3ekLEtjfDG4,@Maria.schorn_c,UC5yBVxMpRVAvkCI9CShiS3Q,http://www.youtube.com/@Maria.schorn_c,https://yt3.ggpht.com/X5U0B5C2Rpoc5fSv1AJTeymn503oXVny5rX9EYYrCQh9U8_017Enrsm4tXYpCXC_nJul5hor9GM=s48-c-k-c0x00ffffff-no-rj,Pq q eles ficaram levantando,Pq q eles ficaram levantando,0,none,True,2025-06-01T14:27:44Z,2025-06-01T14:27:44Z
UCj0O6W8yDuLg3iraAXKgCrQ,3ekLEtjfDG4,@maxalex3272,UCIR3viCpSpKRWBi0T7TBY8Q,http://www.youtube.com/@maxalex3272,https://yt3.ggpht.com/ytc/AIdro_meZQDvkVwIytlz05tUr4sKYRoxduo30MYm6fDWZDFwo5Dx5x44u4bpmQY2f_R4uW4yGQ=s48-c-k-c0x00ffffff-no-rj,😮,😮,1,none,True,2025-05-28T18:55:44Z,2025-05-28T18:55:44Z
UCj0O6W8yDuLg3iraAXKgCrQ,3ekLEtjfDG4,@paulapaularamos6906,UCoZWcm2dNt8Yg05Mejm18ZA,http://www.youtube.com/@paulapaularamos6906,https://yt3.ggpht.com/PDrLLe83btAkOTuopT-JqA3fpalBeKlHH0TKSQ5NYA14nBMrgiJDueRWz45BlgxafMd3kaeZXGI=s48-c-k-c0x00ffffff-no-rj,"Vocês falaram duas vezes desse ""Brett"" aí","Vocês falaram duas vezes desse ""Brett"" aí",0,none,True,2025-05-25T22:48:46Z,2025-05-25T22:48:46Z
UCj0O6W8yDuLg3iraAXKgCrQ,3ekLEtjfDG4,@hudsonazevedo3132,UCNPHZ0zVUyZtv1vmxIl3dyw,http://www.youtube.com/@hudsonazevedo3132,https://yt3.ggpht.com/4Ow8GLO_-rIDotrxQ0ZWv8_U27whnh7f-3BTl1rOnEcfL8rRxHZ560nebLbjYL0xZ4enl8mI_A=s48-c-k-c0x00ffffff-no-rj,Era a lisa pequena não a meg,Era a lisa pequena não a meg,2,none,True,2025-05-24T15:13:17Z,2025-05-24T15:13:17Z
UCj0O6W8yDuLg3iraAXKgCrQ,3ekLEtjfDG4,@dailtonbarros2224,UCUN4dHMSt3aolZuK_bbCYng,http://www.youtube.com/@dailtonbarros2224,https://yt3.ggpht.com/ytc/AIdro_lJY1vyqvBhge6ResKxWWWSr9hrXzcGCzQFw9JH6xRvYPW7=s48-c-k-c0x00ffffff-no-rj,"A data na CNH do Bob esponja, não mostra dia 14 do mês 07
E sim dia  07 mês 14 ano 86
Mês que não existe","A data na CNH do Bob esponja, não mostra dia 14 do mês 07
E sim dia  07 mês 14 ano 86
Mês que não existe",0,none,True,2025-05-21T03:57:59Z,2025-05-21T03:57:59Z
UCj0O6W8yDuLg3iraAXKgCrQ,3ekLEtjfDG4,@carolinazacari,UC-cpdj5dBtuvb_1B5xod8zg,http://www.youtube.com/@carolinazacari,https://yt3.ggpht.com/ytc/AIdro_lTvMaRV6TtHNJclPkfx12gDVXRX_1KFggzKIKoxI9Q0fM=s48-c-k-c0x00ffffff-no-rj,Impossível,Impossível,0,none,True,2025-05-21T00:35:56Z,2025-05-21T00:35:56Z
UCj0O6W8yDuLg3iraAXKgCrQ,3ekLEtjfDG4,@bruno77229,UCLY0jB-NGSzhju35NToSEww,http://www.youtube.com/@bruno77229,https://yt3.ggpht.com/ytc/AIdro_lrWfHgcOTJ8VmD8GJUWTIruw3Ec9YgMV_EW-R04CaGWd4=s48-c-k-c0x00ffffff-no-rj,Aqui no Brasil também corta dedo de ladrão.  Olha o Lula molusco kkkkk,Aqui no Brasil também corta dedo de ladrão.  Olha o Lula molusco kkkkk,0,none,True,2025-05-20T03:57:42Z,2025-05-20T03:57:42Z
UCj0O6W8yDuLg3iraAXKgCrQ,3ekLEtjfDG4,@tamaraoliveira6067,UCrzq3QmCXOTGuH1jcJiL1oQ,http://www.youtube.com/@tamaraoliveira6067,https://yt3.ggpht.com/WHfD82eozyXXh2AdBDYDTWYw5pM_c-F4wMDxDfxaX3JyQXF6C5HYvwq7fF4O3hsMbShxoDxUTg=s48-c-k-c0x00ffffff-no-rj,❤❤❤❤❤,❤❤❤❤❤,0,none,True,2025-05-20T01:01:31Z,2025-05-20T01:01:31Z
UCj0O6W8yDuLg3iraAXKgCrQ,3ekLEtjfDG4,@brunorodrigues3350,UCy3JIMxuwGmrl_OzH1LhQcQ,http://www.youtube.com/@brunorodrigues3350,https://yt3.ggpht.com/ytc/AIdro_kQsqtso3keZQZIoBJ0cwa1ij7qHk8GlUI-pw8BL_eez5HX=s48-c-k-c0x00ffffff-no-rj,"A fotografia era da liza, afinal elas sao parecidas 😅","A fotografia era da liza, afinal elas sao parecidas 😅",0,none,True,2025-05-18T16:26:26Z,2025-05-18T16:26:26Z
UCj0O6W8yDuLg3iraAXKgCrQ,3ekLEtjfDG4,@Carcarasertanejo,UCcG0TBMThwXfcAfZBK79JqQ,http://www.youtube.com/@Carcarasertanejo,https://yt3.ggpht.com/Pb45ljP8L1ozpfx66U6sYcymITN6Rx9QzSzQRcI1Go6YHKhZpjgZ5y1BQE5Sy6wbWPLVaJCeRYQ=s48-c-k-c0x00ffffff-no-rj,"Tudo manipulação, até mesmo esse canal é manipulador. 😌","Tudo manipulação, até mesmo esse canal é manipulador. 😌",0,none,True,2025-05-18T16:07:19Z,2025-05-18T16:07:19Z
UCj0O6W8yDuLg3iraAXKgCrQ,3ekLEtjfDG4,@CodigosdoCartoon,UCrxrQwvq_l_BiUYrWo3MC3w,http://www.youtube.com/@CodigosdoCartoon,https://yt3.ggpht.com/NxaRQoJgRCOCWF1rPJjn5fnKfHsqRESxo4eEwP59_Qrhk4od5HP52VHvsvz_mRMjU1WosjFupgM=s48-c-k-c0x00ffffff-no-rj,Existem muitos segredos escondidos nos desenhos que poucas pessoas sabem. Códigos do Cartoon...,Existem muitos segredos escondidos nos desenhos que poucas pessoas sabem. Códigos do Cartoon...,0,none,True,2025-05-17T12:16:20Z,2025-05-17T12:16:20Z
UCj0O6W8yDuLg3iraAXKgCrQ,3ekLEtjfDG4,@irleymaxbarbosadasilva7297,UCQfaunGbty6iKLTc3D-sF6g,http://www.youtube.com/@irleymaxbarbosadasilva7297,https://yt3.ggpht.com/ytc/AIdro_koVjq671855gCPrMpp40qh7JgHJlGvJWNBZ_sZnulGbFpb=s48-c-k-c0x00ffffff-no-rj,"Será que a máfia Yakusa cortou o dedo do Lülæ?
kkkkkk","Será que a máfia Yakusa cortou o dedo do Lülæ?
kkkkkk",1,none,True,2025-05-16T01:04:16Z,2025-05-16T01:04:16Z
UCj0O6W8yDuLg3iraAXKgCrQ,3ekLEtjfDG4,@DIDISILVA1313,UCeC9IU8MJOuXgSvT7fBD1xQ,http://www.youtube.com/@DIDISILVA1313,https://yt3.ggpht.com/6pBYBumhKXgfkhJ7al7h0SBt2HotMMD7asPpQpgTMOcN9yR7lIeRdqHSO1VM7qa9sx7nneGDJw=s48-c-k-c0x00ffffff-no-rj,Você sabia?,Você sabia?,0,none,True,2025-05-15T20:30:19Z,2025-05-15T20:30:19Z
UCj0O6W8yDuLg3iraAXKgCrQ,3ekLEtjfDG4,@KéremPanquecas,UChzgCRmC5SGOb8u4msh-42g,http://www.youtube.com/@K%C3%A9remPanquecas,https://yt3.ggpht.com/CukULVDDSoPJfZgIbvL6IsmdaJdGMayanJ2PZVMs1RNQkWtFdgdV2A9lEnnNL7QpiKAOZv9Kqg=s48-c-k-c0x00ffffff-no-rj,Amei ❤️😍😅😮🎉😂😊,Amei ❤️😍😅😮🎉😂😊,0,none,True,2025-05-10T18:58:34Z,2025-05-10T18:58:34Z
UCj0O6W8yDuLg3iraAXKgCrQ,3ekLEtjfDG4,@talitasantos9228,UCuyHhaheZg8Q_ErBsKIgCEg,http://www.youtube.com/@talitasantos9228,https://yt3.ggpht.com/ytc/AIdro_nCOrKgXJ47piisjnzDun5-rVzub2qIwoTAPzYrafpx0vI=s48-c-k-c0x00ffffff-no-rj,Curiosidades muito legais😊,Curiosidades muito legais😊,0,none,True,2025-05-10T12:19:24Z,2025-05-10T12:19:24Z
UCj0O6W8yDuLg3iraAXKgCrQ,3ekLEtjfDG4,@CABorges23,UCt9iu_x5_Arh2mIt65eke5g,http://www.youtube.com/@CABorges23,https://yt3.ggpht.com/ytc/AIdro_ktqy1O9ZMmtieFCVhktcadGmGeip91BZeI6raorAXQdqX547fkG-1ICr6To3C9zosJlQ=s48-c-k-c0x00ffffff-no-rj,"Será que o Lula roubou no Japão tbm? Coincidência ou não, ele só tem 4 dedos numa mão. Rsrs","Será que o Lula roubou no Japão tbm? Coincidência ou não, ele só tem 4 dedos numa mão. Rsrs",1,none,True,2025-05-10T04:47:07Z,2025-05-10T04:47:07Z
UCj0O6W8yDuLg3iraAXKgCrQ,3ekLEtjfDG4,@oblivioX-z5x,UCbzld8za7eHyv_7W2JS1MBA,http://www.youtube.com/@oblivioX-z5x,https://yt3.ggpht.com/pLzr76fqS4Eg81DQWY6xAglSufxDXawa-0Cn4zC58idiv-WmrKaxHwIYYenasJfy9Lrr28tz=s48-c-k-c0x00ffffff-no-rj,Massa 👏👏👏,Massa 👏👏👏,1,none,True,2025-04-30T02:04:20Z,2025-04-30T02:04:20Z
UCj0O6W8yDuLg3iraAXKgCrQ,3ekLEtjfDG4,@anayagami1549,UCQUJkCdn99m-1hwFc_xkpwA,http://www.youtube.com/@anayagami1549,https://yt3.ggpht.com/VIGs3kDbV40BpBiqD66LfSKz9MpX22Pdzmv8nDV3WC-cRrCokAzIFE-QmSd-lmOX-gplxgLPQXY=s48-c-k-c0x00ffffff-no-rj,Nunca pensei nessa teoria do Morty ser o rick,Nunca pensei nessa teoria do Morty ser o rick,2,none,True,2025-04-29T14:51:45Z,2025-04-29T14:51:45Z
UCj0O6W8yDuLg3iraAXKgCrQ,3ekLEtjfDG4,@Moon_Iara,UCGt2sKanOCBaREZxhf_Yr4w,http://www.youtube.com/@Moon_Iara,https://yt3.ggpht.com/pGK8a1ZZ8cTJvFiIppK3fLWUFc25ANz83kRfVst5_jLOnHohnBc63T5tXskKzXFrqvobou65pQ=s48-c-k-c0x00ffffff-no-rj,38 😮,38 😮,2,none,True,2025-04-26T16:12:01Z,2025-04-26T16:12:01Z
UCj0O6W8yDuLg3iraAXKgCrQ,3ekLEtjfDG4,@HaalondGusta,UCgzUOQn58KPwD8ovTBn-96g,http://www.youtube.com/@HaalondGusta,https://yt3.ggpht.com/ytc/AIdro_lL3a2p2kIBbgir_m-rckUr5pkGbwR1ycPtuGmQT3WUuLmQz_5O7czOh4UrUqhwiCJ0IA=s48-c-k-c0x00ffffff-no-rj,Alguém 2025?,Alguém 2025?,6,none,True,2025-04-22T14:02:08Z,2025-04-22T14:02:08Z
UCj0O6W8yDuLg3iraAXKgCrQ,3ekLEtjfDG4,@SilvioJunior-gc2up,UCUSIltKSFWpnqJVzAqS9I1Q,http://www.youtube.com/@SilvioJunior-gc2up,https://yt3.ggpht.com/ytc/AIdro_l_cdb12iEvfbconWqKW89iqSh69jL-NdmjZIuXCkr9Yg3iLzKFdf8SG32lYrR3AmrM9A=s48-c-k-c0x00ffffff-no-rj,Poderia ser a liza,Poderia ser a liza,1,none,True,2025-04-20T22:13:59Z,2025-04-20T22:13:59Z
UCj0O6W8yDuLg3iraAXKgCrQ,3ekLEtjfDG4,@MariahJesus-y3v,UCNXxCDhbx8C1M5KoyJ2Xa3Q,http://www.youtube.com/@MariahJesus-y3v,https://yt3.ggpht.com/ytc/AIdro_mNEAv5MPjwUYT_oMN-I_oKxZXRDcwTzQ5m2dLC8BLZIN_r2XL_arB8rM0NkGGWBLQJXQ=s48-c-k-c0x00ffffff-no-rj,"RICK E MORTY SAO A VIBE DOS MESMOS PERSONAGEM DE VOLTA PARA O FUTURO, ATE A FISONOMIA","RICK E MORTY SAO A VIBE DOS MESMOS PERSONAGEM DE VOLTA PARA O FUTURO, ATE A FISONOMIA",1,none,True,2025-04-14T14:41:16Z,2025-04-14T14:41:43Z
UCj0O6W8yDuLg3iraAXKgCrQ,3ekLEtjfDG4,@Mifute,UCvOc5GPVFawB4qGyG73yLLw,http://www.youtube.com/@Mifute,https://yt3.ggpht.com/p_IVccFCKwuntsx-icTxkDK6reGYpASuPCMPrlCXWGfUq57Wp3__80uZCVPhO0XEYysr2aYNsQ=s48-c-k-c0x00ffffff-no-rj,Mn de boa é uma teoria pô,Mn de boa é uma teoria pô,1,none,True,2025-04-12T01:29:37Z,2025-04-12T01:29:37Z
UCj0O6W8yDuLg3iraAXKgCrQ,3ekLEtjfDG4,@NerdPlace-ArthurGabriel,UCU4HcOTxEzhB7LByOgPu4Hw,http://www.youtube.com/@NerdPlace-ArthurGabriel,https://yt3.ggpht.com/wYJeeoKL3tOJS3vhEwIBW7HyGlXZae0OQcP2uZW0yXVz4LQ-gtJCTX-AfCXTO_IZil05bfb_=s48-c-k-c0x00ffffff-no-rj,"Caramba, eu não sabia que o Bob Esponja 🧽 se chamaria Spongeboy ( Menino Esponja 🧽), realmente esse nome é ruim","Caramba, eu não sabia que o Bob Esponja 🧽 se chamaria Spongeboy ( Menino Esponja 🧽), realmente esse nome é ruim",3,none,True,2025-04-09T18:45:32Z,2025-04-09T18:45:32Z
UCj0O6W8yDuLg3iraAXKgCrQ,3ekLEtjfDG4,@gecyserraserra6414,UCQlYWEEhjLA_c_T7aVccmHA,http://www.youtube.com/@gecyserraserra6414,https://yt3.ggpht.com/ytc/AIdro_n0At8alQejFaowVGV2t9MLBoHAWNbMmhDk5vMNFDw=s48-c-k-c0x00ffffff-no-rj,GUILHERME MOREIRA SERRA,GUILHERME MOREIRA SERRA,2,none,True,2025-04-09T13:15:16Z,2025-04-09T13:15:16Z
UCj0O6W8yDuLg3iraAXKgCrQ,3ekLEtjfDG4,@FamGalvãoCarvalho,UCFJJu6IX2z-a8JFXeratKDQ,http://www.youtube.com/@FamGalv%C3%A3oCarvalho,https://yt3.ggpht.com/ytc/AIdro_mA2AVFV-qavNRylO-8a4Gy-Z6PmCR1F_ZClH9D2RWiGO4aLpoBwvnFubP3fe06ChSeLA=s48-c-k-c0x00ffffff-no-rj,Cé lico mano não compensa,Cé lico mano não compensa,1,none,True,2025-03-23T19:44:57Z,2025-03-23T19:44:57Z
UCj0O6W8yDuLg3iraAXKgCrQ,3ekLEtjfDG4,@marcelalima2019,UCh0CZF1qq15sY5bnzEYeqjA,http://www.youtube.com/@marcelalima2019,https://yt3.ggpht.com/N0ovQWA2ot4N3KRhCIb_hc-l_zBeI0ub5fb5q-VhJ74rkkJh30x82z2m8QhlyRdAwS2K9ST1=s48-c-k-c0x00ffffff-no-rj,❤❤❤,❤❤❤,1,none,True,2025-03-23T11:57:13Z,2025-03-23T11:57:13Z
UCj0O6W8yDuLg3iraAXKgCrQ,3ekLEtjfDG4,@JuGranadeiro,UCsOb_hBeOUT569ApJE1odPg,http://www.youtube.com/@JuGranadeiro,https://yt3.ggpht.com/ytc/AIdro_n_emgIO642XdKfTpNo__vHjN3XuyGW_zBgZZZKr_z2Eqw=s48-c-k-c0x00ffffff-no-rj,Eu amo os Simpsons❤,Eu amo os Simpsons❤,0,none,True,2025-03-22T20:01:03Z,2025-03-22T20:01:03Z
UCj0O6W8yDuLg3iraAXKgCrQ,3ekLEtjfDG4,@MariaAparecidaSantos-eq4cn,UC54YIeaT1Tv2MHwJiSCQotg,http://www.youtube.com/@MariaAparecidaSantos-eq4cn,https://yt3.ggpht.com/D2sjCgi3574wBIvUXKLAFrdENafgBTt5vw7CCVNoFBJDhb_dDLa8JNJQjHXAWf2WR4qKuA9T1rE=s48-c-k-c0x00ffffff-no-rj,👏👏👏,👏👏👏,0,none,True,2025-03-21T00:59:27Z,2025-03-21T00:59:27Z
UCj0O6W8yDuLg3iraAXKgCrQ,3ekLEtjfDG4,@bialuz7221,UC2o8RoKFyIpVNxTmiJTT9OA,http://www.youtube.com/@bialuz7221,https://yt3.ggpht.com/J32zx9Em1wzKU7JzqZpJ6caD0sy-nM3ErLtrjoPTiUg6fQdef3q8nt2ULMS92kcB-BQnMqVUM9s=s48-c-k-c0x00ffffff-no-rj,DOS  Simpsons eu não sabia,DOS  Simpsons eu não sabia,0,none,True,2025-03-19T00:27:57Z,2025-03-19T00:27:57Z
UCj0O6W8yDuLg3iraAXKgCrQ,3ekLEtjfDG4,@bialuz7221,UC2o8RoKFyIpVNxTmiJTT9OA,http://www.youtube.com/@bialuz7221,https://yt3.ggpht.com/J32zx9Em1wzKU7JzqZpJ6caD0sy-nM3ErLtrjoPTiUg6fQdef3q8nt2ULMS92kcB-BQnMqVUM9s=s48-c-k-c0x00ffffff-no-rj,Eu queria que fizessem o vídeo mostrando todo esse painel deles que eles fazem o vídeo,Eu queria que fizessem o vídeo mostrando todo esse painel deles que eles fazem o vídeo,0,none,True,2025-03-19T00:25:38Z,2025-03-19T00:25:38Z
UCj0O6W8yDuLg3iraAXKgCrQ,3ekLEtjfDG4,@bialuz7221,UC2o8RoKFyIpVNxTmiJTT9OA,http://www.youtube.com/@bialuz7221,https://yt3.ggpht.com/J32zx9Em1wzKU7JzqZpJ6caD0sy-nM3ErLtrjoPTiUg6fQdef3q8nt2ULMS92kcB-BQnMqVUM9s=s48-c-k-c0x00ffffff-no-rj,Eu aprendo mais no você sabia do que na escola,Eu aprendo mais no você sabia do que na escola,0,none,True,2025-03-19T00:19:26Z,2025-03-19T00:19:26Z
UCj0O6W8yDuLg3iraAXKgCrQ,3ekLEtjfDG4,@bialuz7221,UC2o8RoKFyIpVNxTmiJTT9OA,http://www.youtube.com/@bialuz7221,https://yt3.ggpht.com/J32zx9Em1wzKU7JzqZpJ6caD0sy-nM3ErLtrjoPTiUg6fQdef3q8nt2ULMS92kcB-BQnMqVUM9s=s48-c-k-c0x00ffffff-no-rj,O MEU  PAI  COSTA  DO  MESMO  DESENHO QUE. O  LUCAS,O MEU  PAI  COSTA  DO  MESMO  DESENHO QUE. O  LUCAS,0,none,True,2025-03-19T00:17:27Z,2025-03-19T00:17:27Z
UCj0O6W8yDuLg3iraAXKgCrQ,3ekLEtjfDG4,@Janine-n5u,UCQyvXe55DfrmKlnx-zW9XXA,http://www.youtube.com/@Janine-n5u,https://yt3.ggpht.com/ytc/AIdro_ltG5Vixvi3d0Yh00mrIlUB2on93_zWY8hkMojmBpX9mvBiNJjt4vNgL5Rn8XCPf9bnFg=s48-c-k-c0x00ffffff-no-rj,Eu amo vídeos do canal.,Eu amo vídeos do canal.,0,none,True,2025-03-18T19:21:22Z,2025-03-18T19:21:22Z
UCj0O6W8yDuLg3iraAXKgCrQ,3ekLEtjfDG4,@alyssonkaue7530,UCNDLFKA4fuSfEEtdRfBmIHg,http://www.youtube.com/@alyssonkaue7530,https://yt3.ggpht.com/ytc/AIdro_lrQwBHgDrFsCcrAVeZjDf4CrM13S7ArQcP5S5ZM6AdUcXl=s48-c-k-c0x00ffffff-no-rj,Acho que o Lula foi pego pela máfia japonesa kkk,Acho que o Lula foi pego pela máfia japonesa kkk,0,none,True,2025-03-18T12:01:38Z,2025-03-18T12:01:38Z
UCj0O6W8yDuLg3iraAXKgCrQ,3ekLEtjfDG4,@CLEITINHO014,UC71oDwDOKIc2DfsLC_dEKfw,http://www.youtube.com/@CLEITINHO014,https://yt3.ggpht.com/ytc/AIdro_nBDeZ9mqdIFB9ZVjY1L_Zestnzoo5Sf1l4wqCS9M9x7GOn4Ieia6TOKEF-97zhMtLXgw=s48-c-k-c0x00ffffff-no-rj,"Ok
Ok","Ok
Ok",0,none,True,2025-03-17T23:28:33Z,2025-03-17T23:28:33Z
UCj0O6W8yDuLg3iraAXKgCrQ,3ekLEtjfDG4,@JaquelineSantos-go1ms,UCXH6kleMLtaNWdNNTvSY4LA,http://www.youtube.com/@JaquelineSantos-go1ms,https://yt3.ggpht.com/qdjnYvdCotv_NL09G-dO05ymLJk5EQMc-DVlbNDl57O_ByagUCauFIlkhMAaXBh6N5bw8Nv5-Q=s48-c-k-c0x00ffffff-no-rj,Ii,Ii,0,none,True,2025-03-15T23:21:06Z,2025-03-15T23:21:06Z
UCj0O6W8yDuLg3iraAXKgCrQ,3ekLEtjfDG4,@leoveris,UCS7Mzxb7VyQcvE2ujpm1ZFw,http://www.youtube.com/@leoveris,https://yt3.ggpht.com/ytc/AIdro_mQYBZ5qi9Efk3sndarvHJVospz_i7n6mTKxl2Pj4eLbto=s48-c-k-c0x00ffffff-no-rj,Tá explicado o pq o Lula tem 9 dedos😂😂😂,Tá explicado o pq o Lula tem 9 dedos😂😂😂,0,none,True,2025-03-15T01:43:35Z,2025-03-15T01:43:35Z
UCj0O6W8yDuLg3iraAXKgCrQ,3ekLEtjfDG4,@KiroArroz,UCEoeOif1PhowcFU-WEuYKVw,http://www.youtube.com/@KiroArroz,https://yt3.ggpht.com/V6puww720Lqkxh-4kDXWKHafopw6x5DFw2fmd7nFJuKcT_RlYpLZRdDkzgbvKr_LJBgaMrVO6w=s48-c-k-c0x00ffffff-no-rj,Kkkkkkkk,Kkkkkkkk,0,none,True,2025-03-14T21:25:43Z,2025-03-14T21:25:43Z
UCj0O6W8yDuLg3iraAXKgCrQ,3ekLEtjfDG4,@chicogames-p6i,UC8AXv25WHn6DqXiMnIdOlzg,http://www.youtube.com/@chicogames-p6i,https://yt3.ggpht.com/EnZ34HDfJMfEo20otX4F2vZkrEYxkRTq6jbW_A2Z2fufL9W1ekB4PpFd1dJKjsSulRMklzeCxg=s48-c-k-c0x00ffffff-no-rj,❤❤❤,❤❤❤,0,none,True,2025-03-14T07:44:30Z,2025-03-14T07:44:30Z
UCj0O6W8yDuLg3iraAXKgCrQ,3ekLEtjfDG4,@canalfernandospeededitbras9334,UCuOl4BSfGZ1dK1qNkT1ZyZw,http://www.youtube.com/@canalfernandospeededitbras9334,https://yt3.ggpht.com/38xfeRGzejzig3iYtJP1Vc7rMc8aSDccgv9QYF7jDSFvRc5ikjzz_j4Lx59pc5nFPsjODJ550w=s48-c-k-c0x00ffffff-no-rj,"Meu pai amado, faz tempo que não vejo você sabia desde 2021","Meu pai amado, faz tempo que não vejo você sabia desde 2021",4,none,True,2025-03-11T20:55:38Z,2025-03-11T20:55:38Z
UCj0O6W8yDuLg3iraAXKgCrQ,3ekLEtjfDG4,@GokuuuSaijin,UCRd1AT7bxGH1A3DcoUSvFOw,http://www.youtube.com/@GokuuuSaijin,https://yt3.ggpht.com/c0CAzVTqBA7h_5fHLCB21SKOM9zNAxlbKtSW7P2-plyJTwlOgSzhpZLD9pfFAkbkf5uZhn4Rqw=s48-c-k-c0x00ffffff-no-rj,Eu sou o coringa,Eu sou o coringa,0,none,True,2025-03-10T19:48:02Z,2025-03-10T19:48:02Z
UCj0O6W8yDuLg3iraAXKgCrQ,3ekLEtjfDG4,@werbethrodriguez2652,UC1Yj-jQRQad-GZAzOttqQXQ,http://www.youtube.com/@werbethrodriguez2652,https://yt3.ggpht.com/ytc/AIdro_kAOniX3whAhk6eewnH3Bqyif4WGS8CfOMV44Jd3PzQ_CFE=s48-c-k-c0x00ffffff-no-rj,Vd😊😅,Vd😊😅,0,none,True,2025-03-10T00:08:01Z,2025-03-10T00:08:01Z
UCj0O6W8yDuLg3iraAXKgCrQ,3ekLEtjfDG4,@NirioMandriz-v9o,UCc-4075xGRpp57sPLVZRmiQ,http://www.youtube.com/@NirioMandriz-v9o,https://yt3.ggpht.com/spaMM93zby6qTI6vKrC_ZknS2rdLvBVYc3yN8DX0ExkmtXyc7_hY8HiR9aB20-XRlXUHwNPiUA=s48-c-k-c0x00ffffff-no-rj,The best 👌🏾🌏,The best 👌🏾🌏,0,none,True,2025-03-09T17:25:23Z,2025-03-09T17:25:23Z
UCj0O6W8yDuLg3iraAXKgCrQ,3ekLEtjfDG4,@elisangelaalveschavesjulio6879,UCiQxzSsYZnIaepitQUAzH6A,http://www.youtube.com/@elisangelaalveschavesjulio6879,https://yt3.ggpht.com/ytc/AIdro_niJFqjLg5k-_3VxkWNCKlK8EtJDSsADlZTHwm07SIRx_eE=s48-c-k-c0x00ffffff-no-rj,parabens pelo sucesso de voces LUCAS MARQUES e DANIEL MOLO,parabens pelo sucesso de voces LUCAS MARQUES e DANIEL MOLO,1,none,True,2025-03-09T00:56:12Z,2025-03-09T00:56:12Z
UCj0O6W8yDuLg3iraAXKgCrQ,3ekLEtjfDG4,@elisangelaalveschavesjulio6879,UCiQxzSsYZnIaepitQUAzH6A,http://www.youtube.com/@elisangelaalveschavesjulio6879,https://yt3.ggpht.com/ytc/AIdro_niJFqjLg5k-_3VxkWNCKlK8EtJDSsADlZTHwm07SIRx_eE=s48-c-k-c0x00ffffff-no-rj,alguem percebeu que a hora que o menino dos simpisons esta passando de esqueite tem algumas criancinhas que nao sao amarelas e sim bem moreninhas,alguem percebeu que a hora que o menino dos simpisons esta passando de esqueite tem algumas criancinhas que nao sao amarelas e sim bem moreninhas,0,none,True,2025-03-09T00:53:53Z,2025-03-09T00:53:53Z
UCj0O6W8yDuLg3iraAXKgCrQ,3ekLEtjfDG4,@nayldasilva5054,UC4BgK1Hbev8v-C_WhilyrZQ,http://www.youtube.com/@nayldasilva5054,https://yt3.ggpht.com/ytc/AIdro_mkLO97kTQBhD1y6_12_RwCBlZbvm0lFWC1fm-6j2EAW9Vj9t7ftMX_By3gz5Ppz7-oIQ=s48-c-k-c0x00ffffff-no-rj,É a Liza quando baby😊,É a Liza quando baby😊,0,none,True,2025-03-07T02:31:24Z,2025-03-07T02:31:24Z
UCj0O6W8yDuLg3iraAXKgCrQ,3ekLEtjfDG4,@ReginaFausta,UC5tagPWehO5r4uT931IVBKA,http://www.youtube.com/@ReginaFausta,https://yt3.ggpht.com/ytc/AIdro_nda3NuW4HXFz11TFja6elUTDgEB9wuwjLWBcCho3VqWai3G3DxOL09_d1cje349l3kKw=s48-c-k-c0x00ffffff-no-rj,Mas tem uma teoria que cosmo e wanda são dois anti-depressivos,Mas tem uma teoria que cosmo e wanda são dois anti-depressivos,1,none,True,2025-03-05T23:14:47Z,2025-03-05T23:14:47Z
UCj0O6W8yDuLg3iraAXKgCrQ,3ekLEtjfDG4,@melkzedek2506,UCbvRcH4XxPI-gsLu2IorauA,http://www.youtube.com/@melkzedek2506,https://yt3.ggpht.com/ytc/AIdro_mn5HjoFM6PaQJLcjEZiBn-0dvmWALnEe_Nm2YL_TNwWSLR=s48-c-k-c0x00ffffff-no-rj,6:15 pessoas traíras por isso o Lula tem 4 dedos,6:15 pessoas traíras por isso o Lula tem 4 dedos,1,none,True,2025-03-05T00:26:42Z,2025-03-05T00:26:42Z
UCj0O6W8yDuLg3iraAXKgCrQ,3ekLEtjfDG4,@vitorialais527,UCyyJXIj2eRAoHXCIqqNv_Hw,http://www.youtube.com/@vitorialais527,https://yt3.ggpht.com/ULFJ0f7IPefv8FyuOjYEZYthTKtKHev0VF_F0R4XMXzgh5S1apZjZ2XL4H1k9YVHT5V4b796NnA=s48-c-k-c0x00ffffff-no-rj,"Esse da foto da Meg, pode ser a Lisa bebê","Esse da foto da Meg, pode ser a Lisa bebê",3,none,True,2025-03-04T16:28:44Z,2025-03-04T16:28:44Z
UCj0O6W8yDuLg3iraAXKgCrQ,3ekLEtjfDG4,@Felipin_ghost,UCWoFGoBmx2r7PgTwNwjCF6Q,http://www.youtube.com/@Felipin_ghost,https://yt3.ggpht.com/Mm1aVHmgTd7-JrrNEDi_5s9-NIDBfl4S16G1MzFUP7OatM_vbBve7Ci0bG6jaC2lZGqmVkYSOw=s48-c-k-c0x00ffffff-no-rj,456,456,1,none,True,2025-02-28T20:08:13Z,2025-02-28T20:08:13Z
UCj0O6W8yDuLg3iraAXKgCrQ,3ekLEtjfDG4,@Felipin_ghost,UCWoFGoBmx2r7PgTwNwjCF6Q,http://www.youtube.com/@Felipin_ghost,https://yt3.ggpht.com/Mm1aVHmgTd7-JrrNEDi_5s9-NIDBfl4S16G1MzFUP7OatM_vbBve7Ci0bG6jaC2lZGqmVkYSOw=s48-c-k-c0x00ffffff-no-rj,457,457,0,none,True,2025-02-28T20:08:00Z,2025-02-28T20:08:00Z
UCj0O6W8yDuLg3iraAXKgCrQ,3ekLEtjfDG4,@demon1um_pt,UC592DP9PcWC2341M-Yih_fg,http://www.youtube.com/@demon1um_pt,https://yt3.ggpht.com/Xol9caxMLAlT2azwbqzuVTlGgzIHY3W4CDso3IeVRc3DhUWgvd0xszObWTvM_qLy7PCMHKkh6g=s48-c-k-c0x00ffffff-no-rj,o spongebob faz anos no mesmo dia que eu ahah,o spongebob faz anos no mesmo dia que eu ahah,0,none,True,2025-02-28T17:14:37Z,2025-02-28T17:14:37Z
UCj0O6W8yDuLg3iraAXKgCrQ,3ekLEtjfDG4,@Tossiu,UCUXGSP4rGXF6U95mhsKHi2A,http://www.youtube.com/@Tossiu,https://yt3.ggpht.com/iH4tseiTVfIBze15UpRikDKzz3fz8PXQzxd1BHBo7kTtokXQwOR4LHamwDGKIjI7milHrXQo=s48-c-k-c0x00ffffff-no-rj,👍,👍,0,none,True,2025-02-27T22:33:42Z,2025-02-27T22:33:42Z
UCj0O6W8yDuLg3iraAXKgCrQ,3ekLEtjfDG4,@gabrielabarretopilati5540,UCNsDclRsA3McI4hp40H5rrA,http://www.youtube.com/@gabrielabarretopilati5540,https://yt3.ggpht.com/ytc/AIdro_lMMYSk6Kh5J7iopylEih7-KEF_6i_WGcUG5MgQd1Y=s48-c-k-c0x00ffffff-no-rj,Achei que ia falar Slk não compensa 😂😂😂,Achei que ia falar Slk não compensa 😂😂😂,0,none,True,2025-02-27T20:02:17Z,2025-02-27T20:02:17Z
UCj0O6W8yDuLg3iraAXKgCrQ,3ekLEtjfDG4,@arielaarruda482,UCRgHVPp5QexQCkrZebkDcxg,http://www.youtube.com/@arielaarruda482,https://yt3.ggpht.com/ytc/AIdro_ncx0T2daDBIlRhfpFZKGHAuT_V657nriBm61uD3ppmWTOy=s48-c-k-c0x00ffffff-no-rj,"O bob esponja nasceu na mesma data que eu, 10 anos antes rs eu tenho 28 e ele 38 hahaha ❤","O bob esponja nasceu na mesma data que eu, 10 anos antes rs eu tenho 28 e ele 38 hahaha ❤",0,none,True,2025-02-27T00:42:10Z,2025-02-27T00:42:10Z
UCj0O6W8yDuLg3iraAXKgCrQ,3ekLEtjfDG4,@EloisaBeatrizFerri,UCnTBWGyU2f-XjNwsbZ8Hpig,http://www.youtube.com/@EloisaBeatrizFerri,https://yt3.ggpht.com/ytc/AIdro_n_lui30_R4aFboFtgT_VxYjD4iTGYWon2fteKOKgKDhtSlE3mEcaX1nF_zJZGiJY87Og=s48-c-k-c0x00ffffff-no-rj,Porque eles não falam canais de YouTubers?,Porque eles não falam canais de YouTubers?,0,none,True,2025-02-24T03:35:22Z,2025-02-24T03:35:22Z
UCj0O6W8yDuLg3iraAXKgCrQ,3ekLEtjfDG4,@obanaicascavel13,UCS0DjbYduAbQMLQpcnUPpBQ,http://www.youtube.com/@obanaicascavel13,https://yt3.ggpht.com/xX4DrWa9H2_Sa1nVhgdjpftqRq_cpgaA58apQRZdqmh0tPyZpAZr_qIih0PxDFPbcQJbgkuz=s48-c-k-c0x00ffffff-no-rj,nice,nice,0,none,True,2025-02-24T00:24:39Z,2025-02-24T00:24:55Z
UCj0O6W8yDuLg3iraAXKgCrQ,3ekLEtjfDG4,@neguinhogame279,UCuLa-5xpXo_eFXr2zlnPxTw,http://www.youtube.com/@neguinhogame279,https://yt3.ggpht.com/uU_C5QbJc7LG_Vephr2pb6w9439VAud-63q_NpnPqh1LVJFXCGmlwAtrlMsHsM3ajNYQIE8_LdI=s48-c-k-c0x00ffffff-no-rj,Caraí o Lucas tá gatim viu kkkkk,Caraí o Lucas tá gatim viu kkkkk,5,none,True,2025-02-23T04:13:02Z,2025-02-23T04:13:02Z
UCj0O6W8yDuLg3iraAXKgCrQ,3ekLEtjfDG4,@guelzz-t8m,UCnuGlUbMpQyW4usRoIzOpKg,http://www.youtube.com/@guelzz-t8m,https://yt3.ggpht.com/V61mw9tddpVQqcX-yBy7iePFMXZQwbBQJdxkqgFUNxJM2V5tcyzpl1GrbN4-Zow4T3J2tQOjZw=s48-c-k-c0x00ffffff-no-rj,Gostei,Gostei,1,none,True,2025-02-22T15:22:34Z,2025-02-22T15:22:34Z
UCj0O6W8yDuLg3iraAXKgCrQ,3ekLEtjfDG4,@kelvingermano2134,UCWt_ZLc99v4A132Mdkox_nQ,http://www.youtube.com/@kelvingermano2134,https://yt3.ggpht.com/ytc/AIdro_kGzkrzw4iV9AXkt7367jfGnsKAhKeYBONCmI35VxUklw=s48-c-k-c0x00ffffff-no-rj,Como assim ó Patrique e ó guei é primo?,Como assim ó Patrique e ó guei é primo?,0,none,True,2025-02-20T22:55:32Z,2025-02-20T22:55:32Z
UCj0O6W8yDuLg3iraAXKgCrQ,3ekLEtjfDG4,@VeraLucia-xg6ll,UClIlBIxo8ws39O8JNyZdfpw,http://www.youtube.com/@VeraLucia-xg6ll,https://yt3.ggpht.com/ytc/AIdro_kqurHQ37P6qsVc-33fhM1Iws-a3m1GXD89xULBhVtPDA=s48-c-k-c0x00ffffff-no-rj,❤❤ Amo vocessss!😂😊,❤❤ Amo vocessss!😂😊,2,none,True,2025-02-16T12:52:59Z,2025-02-16T12:52:59Z
UCj0O6W8yDuLg3iraAXKgCrQ,3ekLEtjfDG4,@Foxcute123-c7q,UCkuEG5lmGXDwoQAVZRWWe5w,http://www.youtube.com/@Foxcute123-c7q,https://yt3.ggpht.com/RAjZZ9mZAU35IHKFciKUxYDmtmaadrR59cKeV9ipF7mp7j0ghwI7z0uv19RIWsk8SvW9J4R7vUw=s48-c-k-c0x00ffffff-no-rj,EU SOU O BATMAN-,EU SOU O BATMAN-,0,none,True,2025-02-15T18:19:44Z,2025-02-15T18:19:44Z
UCj0O6W8yDuLg3iraAXKgCrQ,3ekLEtjfDG4,@marciomiranda6805,UCpuuTmgkrFldrP1mO_5Ussg,http://www.youtube.com/@marciomiranda6805,https://yt3.ggpht.com/ytc/AIdro_nBhmGo49Tw8XtD_L2wsB1j1ZcOGEBugrpESWoTxrA=s48-c-k-c0x00ffffff-no-rj,Eu queria perguntar uma coisa não sei se é verdade será que é verdade peixe Diabo Negro subiu para superfície? E por quê,Eu queria perguntar uma coisa não sei se é verdade será que é verdade peixe Diabo Negro subiu para superfície? E por quê,0,none,True,2025-02-15T16:02:43Z,2025-02-15T16:02:43Z
UCj0O6W8yDuLg3iraAXKgCrQ,3ekLEtjfDG4,@clayvinho7962,UCC2wni-eNrokRan6wZ9onSA,http://www.youtube.com/@clayvinho7962,https://yt3.ggpht.com/Le4gCpUX6csAwFPTX8guQ9UX1_75Znw0oNC2RAla70C3SNDwGf9rzlFZ6mgjaUpRfZKvSiFk=s48-c-k-c0x00ffffff-no-rj,Sabe por que os personagens só tem 4 dedos  por que o Lula que criou,Sabe por que os personagens só tem 4 dedos  por que o Lula que criou,0,none,True,2025-02-14T00:40:33Z,2025-02-14T00:40:33Z
UCj0O6W8yDuLg3iraAXKgCrQ,3ekLEtjfDG4,@oblivioX-z5x,UCbzld8za7eHyv_7W2JS1MBA,http://www.youtube.com/@oblivioX-z5x,https://yt3.ggpht.com/pLzr76fqS4Eg81DQWY6xAglSufxDXawa-0Cn4zC58idiv-WmrKaxHwIYYenasJfy9Lrr28tz=s48-c-k-c0x00ffffff-no-rj,Cosmos e vanda parecem Alienígena nessa versão verdadeira 👽,Cosmos e vanda parecem Alienígena nessa versão verdadeira 👽,4,none,True,2025-02-12T02:00:35Z,2025-02-12T02:00:35Z
UCj0O6W8yDuLg3iraAXKgCrQ,3ekLEtjfDG4,@Elen880,UCtgpEtn-HTgnakoiToITEvA,http://www.youtube.com/@Elen880,https://yt3.ggpht.com/wYnB80mGrwrf3WYWmPCacaU3ByxfseEEuQF_u16UnFHRzDQXeI3FzW_sq1vNPHgS5SHfP3hcpg=s48-c-k-c0x00ffffff-no-rj,😆😀😆😀😆😀,😆😀😆😀😆😀,1,none,True,2025-02-10T12:18:31Z,2025-02-10T12:18:31Z
UCj0O6W8yDuLg3iraAXKgCrQ,3ekLEtjfDG4,@itadori-e7v,UCtYUi4dWMeKSOaCj84Cr-qA,http://www.youtube.com/@itadori-e7v,https://yt3.ggpht.com/da9CZVoBcvKioU5GaEy0NlWg9LY9EyYH4f9P5LbV0Wy6b6eTKJVNEadplnnjI5cUFqWcbxt1c2E=s48-c-k-c0x00ffffff-no-rj,2:12 pd ser a lisa tlvz,2:12 pd ser a lisa tlvz,4,none,True,2025-02-08T03:57:57Z,2025-02-08T03:57:57Z
UCj0O6W8yDuLg3iraAXKgCrQ,3ekLEtjfDG4,@davi_luccas08,UCftuPr_pTbIiDXI54Hv4F8Q,http://www.youtube.com/@davi_luccas08,https://yt3.ggpht.com/BS7AM7KugZcMmp3FMi2o7RL-R9YeciB7kCMktrjk5UBb1LSS9Jzc5oqcFCFz44QeF1CnLDJCw-4=s48-c-k-c0x00ffffff-no-rj,4:01 caraca Bret,4:01 caraca Bret,5,none,True,2025-02-07T00:16:46Z,2025-02-07T00:16:46Z
UCj0O6W8yDuLg3iraAXKgCrQ,3ekLEtjfDG4,@KaoniRCD,UCH-0DjnJZIwjzXRxK6bXNgQ,http://www.youtube.com/@KaoniRCD,https://yt3.ggpht.com/cA9D5fLMOsVSgmjq6cJvl266F5ckquML5Cs1pavhTX6z1EcSCkGIcELL2edJF7mdRDHz_KnN=s48-c-k-c0x00ffffff-no-rj,NAMTAB UOS UE,NAMTAB UOS UE,1,none,True,2025-02-06T16:41:53Z,2025-02-06T16:41:53Z
UCj0O6W8yDuLg3iraAXKgCrQ,3ekLEtjfDG4,@DiegoAlex-m5z,UCQhAle_X3yRxhYd9WcRxfaA,http://www.youtube.com/@DiegoAlex-m5z,https://yt3.ggpht.com/r0ISSjbbnK1_xPgJaCYP2g6jiu6j4GSTszrNnxzfvtdy8j4K_hWfIQKSbEIuW-mH6ILG426Kj3w=s48-c-k-c0x00ffffff-no-rj,Pode ser a liza mais nova uai.,Pode ser a liza mais nova uai.,3,none,True,2025-02-06T04:11:11Z,2025-02-06T04:11:11Z
UCj0O6W8yDuLg3iraAXKgCrQ,3ekLEtjfDG4,@pauladabul7672,UCW7PSaGPw59O6mni_Px5PaQ,http://www.youtube.com/@pauladabul7672,https://yt3.ggpht.com/ytc/AIdro_mIQCus7WwiPfZSS_2UBgVYQ5LR3SXrZyygczlTgMY=s48-c-k-c0x00ffffff-no-rj,Talvez aquela seja a liza bebe,Talvez aquela seja a liza bebe,1,none,True,2025-02-05T22:57:52Z,2025-02-05T22:57:52Z
UCj0O6W8yDuLg3iraAXKgCrQ,3ekLEtjfDG4,@paulacristina1470,UCNnA-SqCOJf5KCTD7837fGg,http://www.youtube.com/@paulacristina1470,https://yt3.ggpht.com/ytc/AIdro_l0U2QZRByateBxBWpflRv6ST534MzJmGztHJ_M8yM=s48-c-k-c0x00ffffff-no-rj,Com 8 ano,Com 8 ano,1,none,True,2025-02-05T19:45:47Z,2025-02-05T19:45:47Z
UCj0O6W8yDuLg3iraAXKgCrQ,3ekLEtjfDG4,@kau_srl,UCO93oaDwa4_Vk60WAktCvBg,http://www.youtube.com/@kau_srl,https://yt3.ggpht.com/Ar3pUsRc3NFhlcg2KeSjoyj6WHCyWTFbfrXdoYbCxrVGl3ZXGvot_2nrSVNryt4P3Y1kjP2Gww=s48-c-k-c0x00ffffff-no-rj,EU SOU O HOMEM-ARANHA,EU SOU O HOMEM-ARANHA,1,none,True,2025-02-05T19:15:28Z,2025-02-05T19:15:28Z
UCj0O6W8yDuLg3iraAXKgCrQ,3ekLEtjfDG4,@JoãoGabriel-z4q,UCS5OOA9R7kZgaflGo4lOiJA,http://www.youtube.com/@Jo%C3%A3oGabriel-z4q,https://yt3.ggpht.com/ytc/AIdro_ktf9w-_Y-Ykk2WaCOrvRvto-DqwRfZrCwkWm-etOgO-lhcHcpTYkUtyPAuK6d42C4TAw=s48-c-k-c0x00ffffff-no-rj,Tem um joguinho que eu tenho tem uma fase que chama yakuza sabia,Tem um joguinho que eu tenho tem uma fase que chama yakuza sabia,3,none,True,2025-02-04T17:36:54Z,2025-02-04T17:36:54Z
UCj0O6W8yDuLg3iraAXKgCrQ,3ekLEtjfDG4,@raimundononatogomesdeolive9426,UCR-zAhbP9wRMsvxMQD_TznQ,http://www.youtube.com/@raimundononatogomesdeolive9426,https://yt3.ggpht.com/ytc/AIdro_lkvZL6_kz1dOZZNlAfaTAAvzD815r_d0GFkV8C9bR31YRZeGPylgyyE4sM5v8Yxu6Veg=s48-c-k-c0x00ffffff-no-rj,ANA GABRIELLY XIMNENS DE OLIVEIRA,ANA GABRIELLY XIMNENS DE OLIVEIRA,1,none,True,2025-02-04T15:28:29Z,2025-02-04T15:28:29Z
UCj0O6W8yDuLg3iraAXKgCrQ,3ekLEtjfDG4,@carolkuser3174,UCl7eRR7auqE27zUU0VzOE5A,http://www.youtube.com/@carolkuser3174,https://yt3.ggpht.com/fh7gYwqZnA1MgYDc4sbk0iHL29jII6VZTULFRFwNRDeqZxPZMUbEprsR_kn0SomlaM2NyzcZ=s48-c-k-c0x00ffffff-no-rj,Adoro vcs ❤,Adoro vcs ❤,2,none,True,2025-02-04T14:05:56Z,2025-02-04T14:05:56Z
UCj0O6W8yDuLg3iraAXKgCrQ,3ekLEtjfDG4,@BrazucaTrem22,UCSjWzacAbleyecbaOTFFxcA,http://www.youtube.com/@BrazucaTrem22,https://yt3.ggpht.com/ytc/AIdro_l6LfiGUOovI1gGphSJuRe0J78AzT4UMRYC_hyCjtiSi8XqkNILzrxpVmBSvC9ns51YqA=s48-c-k-c0x00ffffff-no-rj,E Eu sei voar ..,E Eu sei voar ..,1,none,True,2025-02-04T00:43:53Z,2025-02-04T00:43:53Z
UCj0O6W8yDuLg3iraAXKgCrQ,3ekLEtjfDG4,@matheusdyllan2558,UC_aJXhe1r3IaooSfCA7awLw,http://www.youtube.com/@matheusdyllan2558,https://yt3.ggpht.com/jPL9HFTTC6gcyb0qKcplcCySgZ-SeXgh6zjZJmmUyElENJ6NNSqW-tXmFlG8MRo8N2V7sbzR=s48-c-k-c0x00ffffff-no-rj,2025,2025,1,none,True,2025-02-03T20:34:15Z,2025-02-03T20:34:15Z
UCj0O6W8yDuLg3iraAXKgCrQ,3ekLEtjfDG4,@adrianojesus2538,UCun1GYGa_XOaE-pHxI-Rmcg,http://www.youtube.com/@adrianojesus2538,https://yt3.ggpht.com/wpWk5YJb-Rqq1jWXvF7FQE0Z3A4Yj2ssbAk3DmYcosPmlXxzb_JadbW0Xrch2QZELpUtO3MX1w=s48-c-k-c0x00ffffff-no-rj,❤,❤,1,none,True,2025-02-03T16:42:01Z,2025-02-03T16:42:01Z
UCj0O6W8yDuLg3iraAXKgCrQ,3ekLEtjfDG4,@raianamuniz7248,UCPDrYE2h-aY5ImJvI_3wZjA,http://www.youtube.com/@raianamuniz7248,https://yt3.ggpht.com/ytc/AIdro_knAVveP78wB8ZmHgD_PLsxmfpbbAxtjYecnenU08w=s48-c-k-c0x00ffffff-no-rj,eu assisto esse canal desde de 2021,eu assisto esse canal desde de 2021,7,none,True,2025-02-03T15:36:24Z,2025-02-03T15:36:24Z
UCj0O6W8yDuLg3iraAXKgCrQ,3ekLEtjfDG4,@Otaviohanel1,UC7S4y15S9rzbV-iAgfyPP5Q,http://www.youtube.com/@Otaviohanel1,https://yt3.ggpht.com/qiDd3cQPCnSUolOOyGg3jFvLx27cZX7yc0cksybE35enwrwOtfufU_oqJ-LGBQbnF7YoqgRdOA=s48-c-k-c0x00ffffff-no-rj,Olaaa,Olaaa,1,none,True,2025-02-03T15:17:25Z,2025-02-03T15:17:25Z
UCj0O6W8yDuLg3iraAXKgCrQ,3ekLEtjfDG4,@ofc_vitin_s244,UCegk9ABXMdWDPwAiGiWzhtA,http://www.youtube.com/@ofc_vitin_s244,https://yt3.ggpht.com/IfNp2GSJ3gaQZi8SMI58Fan0eYbEAX9_uctI-oNmn3IQKPUPqi9m3bsaSUhHVQVvZrkqkOT_L9Q=s48-c-k-c0x00ffffff-no-rj,😮😮😮😮i,😮😮😮😮i,1,none,True,2025-02-03T12:41:36Z,2025-02-03T12:41:36Z
UCj0O6W8yDuLg3iraAXKgCrQ,3ekLEtjfDG4,@matheusmacedo8347,UC08FIZD4rQ8Q-VGXxMS0KkQ,http://www.youtube.com/@matheusmacedo8347,https://yt3.ggpht.com/ytc/AIdro_lH4JbWzgJrt2_cFUeW8mrHk1M7yMQexrKFCl4DlPlciKA=s48-c-k-c0x00ffffff-no-rj,O quadro pode ser a liza bb kkkkk,O quadro pode ser a liza bb kkkkk,3,none,True,2025-02-02T19:56:54Z,2025-02-02T19:56:54Z
UCj0O6W8yDuLg3iraAXKgCrQ,3ekLEtjfDG4,@MonicaSantos-gg8wo,UCth-8UgJ8XIllXeMVRys8ew,http://www.youtube.com/@MonicaSantos-gg8wo,https://yt3.ggpht.com/ytc/AIdro_liAyCeZdFr9nqaaFbqnx0q1o_hX-Oi8JQLGsunigs=s48-c-k-c0x00ffffff-no-rj,🤔🤔🤔🤔🤔🤔🤔,🤔🤔🤔🤔🤔🤔🤔,2,none,True,2025-02-01T18:58:52Z,2025-02-01T18:58:52Z
UCj0O6W8yDuLg3iraAXKgCrQ,3ekLEtjfDG4,@MônicaReis-g1q,UCQsBavigB58I9SC7qwFP4qA,http://www.youtube.com/@M%C3%B4nicaReis-g1q,https://yt3.ggpht.com/ytc/AIdro_kIQd925lZn3kNvSQBuSIvxotU3QPyWJUGr6nl8J4Bbkl1bcFpzgHabStJf-LedxUFwQA=s48-c-k-c0x00ffffff-no-rj,EUSOUHELOiZA❤❤❤❤❤❤,EUSOUHELOiZA❤❤❤❤❤❤,1,none,True,2025-02-01T11:16:02Z,2025-02-01T11:16:02Z
UCj0O6W8yDuLg3iraAXKgCrQ,3ekLEtjfDG4,@MônicaReis-g1q,UCQsBavigB58I9SC7qwFP4qA,http://www.youtube.com/@M%C3%B4nicaReis-g1q,https://yt3.ggpht.com/ytc/AIdro_kIQd925lZn3kNvSQBuSIvxotU3QPyWJUGr6nl8J4Bbkl1bcFpzgHabStJf-LedxUFwQA=s48-c-k-c0x00ffffff-no-rj,LEGAU,LEGAU,1,none,True,2025-02-01T11:06:42Z,2025-02-01T11:06:42Z
UCj0O6W8yDuLg3iraAXKgCrQ,3ekLEtjfDG4,@RoseMaria-k2f,UCjy52_4M3H5zapsDOP94HIw,http://www.youtube.com/@RoseMaria-k2f,https://yt3.ggpht.com/ytc/AIdro_lAyCmPuPTcTtYpOA4QnUiNiel5MSi2UOypDgNoiTtaAGtGVrLt1wtS6foazk69LW0x-w=s48-c-k-c0x00ffffff-no-rj,ANALOG HORROR,ANALOG HORROR,1,none,True,2025-01-31T22:55:57Z,2025-01-31T22:55:57Z
UCj0O6W8yDuLg3iraAXKgCrQ,3ekLEtjfDG4,@EdnaMoraes-jk5qq,UCHJhAagzkAy4W1BW7WgNw4Q,http://www.youtube.com/@EdnaMoraes-jk5qq,https://yt3.ggpht.com/o1-b_3OyEIbM3s4Z1WmTZuJfzC9Ew8rdY9BrwTuIRfilNiOOad6ySMQAa3IKTwWe7J9bfcNctg=s48-c-k-c0x00ffffff-no-rj,𝑬𝒍𝒊𝒔 𝒆́ 𝒍𝒆𝒈𝒂𝒍,𝑬𝒍𝒊𝒔 𝒆́ 𝒍𝒆𝒈𝒂𝒍,1,none,True,2025-01-31T21:02:05Z,2025-01-31T21:02:05Z
UCj0O6W8yDuLg3iraAXKgCrQ,3ekLEtjfDG4,@heitorpimentel2431,UCVJViwZRAjNQtaP0ORSb1nw,http://www.youtube.com/@heitorpimentel2431,https://yt3.ggpht.com/ytc/AIdro_mCc5N2hmakVhagdDBr0aO076LceLvBJ96H9W_9B06X0ZUMzHxwxPsdCYbMP12-CTjgYA=s48-c-k-c0x00ffffff-no-rj,Histórias muita estranha será que VOCÊS meninos contaram você sabia.,Histórias muita estranha será que VOCÊS meninos contaram você sabia.,1,none,True,2025-01-31T19:36:29Z,2025-01-31T19:36:29Z
UCj0O6W8yDuLg3iraAXKgCrQ,3ekLEtjfDG4,@morazedoecarnon,UCgxUx3DGCCTdUKelk_HDdmQ,http://www.youtube.com/@morazedoecarnon,https://yt3.ggpht.com/laZURfaBMNzICtPJszxolAcAt1rs_co5GOFXI_Je7ZgDvKHhk0lmYEOLffVa7V1LfYu30Xxb=s48-c-k-c0x00ffffff-no-rj,EU SOU O BOBO ESPONJA EHHEHEHEHEHEHE😂,EU SOU O BOBO ESPONJA EHHEHEHEHEHEHE😂,2,none,True,2025-01-31T01:16:25Z,2025-01-31T01:16:25Z
UCj0O6W8yDuLg3iraAXKgCrQ,3ekLEtjfDG4,@Mcclov-y2m,UC4Y7Mq3btO6K8dXL_blWhxA,http://www.youtube.com/@Mcclov-y2m,https://yt3.ggpht.com/onSvD7LiJT6iNZcnmGFj6NMbs6HaJHT3uubTG7b6itwZ4mvJA98caMEcL_s81fZn8oRdhEUTCw=s48-c-k-c0x00ffffff-no-rj,POR ISSO O LULA TEM 4 DEDOS??? 😂😂😂😂,POR ISSO O LULA TEM 4 DEDOS??? 😂😂😂😂,3,none,True,2025-01-30T22:21:48Z,2025-01-30T22:21:48Z
UCj0O6W8yDuLg3iraAXKgCrQ,3ekLEtjfDG4,@KelvinWill-m3q,UCExjd1Gj1qW3dqCD3VXCYdg,http://www.youtube.com/@KelvinWill-m3q,https://yt3.ggpht.com/ytc/AIdro_kedlxAby9tBfPJkXZ8EQhn6bmlgHTDhb0RGpWJWrn_Xk7rZowkOmPXdaOCOCTpsF7fXg=s48-c-k-c0x00ffffff-no-rj,Spogebob tem a mesma idade que a minha mãe KKKKKKKKKKKK,Spogebob tem a mesma idade que a minha mãe KKKKKKKKKKKK,3,none,True,2025-01-30T17:50:31Z,2025-01-30T17:50:31Z
UCj0O6W8yDuLg3iraAXKgCrQ,3ekLEtjfDG4,@JoseRodrigues-x1n,UCBVZ5--gQasdZB1TDNFO53g,http://www.youtube.com/@JoseRodrigues-x1n,https://yt3.ggpht.com/ytc/AIdro_nnIRUmuuO6W_tIk9D-YmL6t0uNruYgC8TeTjvYqXKl6c9FXiAP47jKyuLrHos6hE_DZw=s48-c-k-c0x00ffffff-no-rj,Eu adoro muuuuuuiiiitooo os suas curiosidades❤❤❤,Eu adoro muuuuuuiiiitooo os suas curiosidades❤❤❤,2,none,True,2025-01-29T23:11:25Z,2025-01-29T23:11:25Z
UCj0O6W8yDuLg3iraAXKgCrQ,3ekLEtjfDG4,@Tokito_Crokito,UCZ-5ZwylEt4uOJ_CVyFYVhw,http://www.youtube.com/@Tokito_Crokito,https://yt3.ggpht.com/e_wXyV9PPjXaxPDIB9Fp-P3AujRxeypYLAKYPacTiOU7kCh6WRZJHU1Bgn7NwFEoduG3dDaE4Ow=s48-c-k-c0x00ffffff-no-rj,@mundodoscururus🐸,@mundodoscururus🐸,1,none,True,2025-01-29T22:56:18Z,2025-01-29T22:56:18Z
UCj0O6W8yDuLg3iraAXKgCrQ,3ekLEtjfDG4,@Tokito_Crokito,UCZ-5ZwylEt4uOJ_CVyFYVhw,http://www.youtube.com/@Tokito_Crokito,https://yt3.ggpht.com/e_wXyV9PPjXaxPDIB9Fp-P3AujRxeypYLAKYPacTiOU7kCh6WRZJHU1Bgn7NwFEoduG3dDaE4Ow=s48-c-k-c0x00ffffff-no-rj,@Mundocururus,@Mundocururus,1,none,True,2025-01-29T22:55:44Z,2025-01-29T22:55:44Z
UCj0O6W8yDuLg3iraAXKgCrQ,3ekLEtjfDG4,@fayri_bia,UCxnm8aIM-lMx5CHmRklsPhg,http://www.youtube.com/@fayri_bia,https://yt3.ggpht.com/2-bynsr84pY1Fumn7qDaYEhoF-8bfsQYPDPu55T9OOutu2sjX9yzlNNISUUVJQydZH8t6NSaV6k=s48-c-k-c0x00ffffff-no-rj,Esse canal e bom di saber as coisas i e divertido,Esse canal e bom di saber as coisas i e divertido,2,none,True,2025-01-28T15:05:01Z,2025-01-28T15:05:01Z
UCj0O6W8yDuLg3iraAXKgCrQ,3ekLEtjfDG4,@CarolChuartz,UCxoylGPYdAd8bLYhHgn_dqw,http://www.youtube.com/@CarolChuartz,https://yt3.ggpht.com/AHRk9QlzYITpBtO_72OqncuGoAZ_Do7cmDWIseij3KUiiuMAY8i5N1DSs74o6B0MTRGDd8zJYA=s48-c-k-c0x00ffffff-no-rj,Simpsons evolução dos minions,Simpsons evolução dos minions,0,none,True,2025-01-27T18:09:23Z,2025-01-27T18:09:23Z
UCj0O6W8yDuLg3iraAXKgCrQ,3ekLEtjfDG4,@QuielMarques10,UCXHgFx9_I_7-Gk5EQ-o1S-A,http://www.youtube.com/@QuielMarques10,https://yt3.ggpht.com/ytc/AIdro_me1jMBB6pXQ_gepxb_d1NLIIbG-sSr1tNCrF-IDFBoPkWbPTrm6R11IvkEO4nCapqa-Q=s48-c-k-c0x00ffffff-no-rj,Oiii😊,Oiii😊,0,none,True,2025-01-27T17:35:47Z,2025-01-27T17:35:47Z
UCj0O6W8yDuLg3iraAXKgCrQ,3ekLEtjfDG4,@benjamimdossantosoliveira2017,UCnGFotP_LWyGdYEHfEP1fNQ,http://www.youtube.com/@benjamimdossantosoliveira2017,https://yt3.ggpht.com/x5Kvx0bjtPi2dd190HXg76hseZ9rx5GJ17ggcLaO08gcrsh5CEpbOhXDKuCC0uJa3a3rxSIwvA=s48-c-k-c0x00ffffff-no-rj,M,M,0,none,True,2025-01-27T17:23:43Z,2025-01-27T17:23:43Z
UCj0O6W8yDuLg3iraAXKgCrQ,3ekLEtjfDG4,@julianehenrique3174,UCLb6GN48pkYXZKltEPPxjYQ,http://www.youtube.com/@julianehenrique3174,https://yt3.ggpht.com/ytc/AIdro_nnvKkXMrvhF6seM4PTG4ZrMax-kpCEsJIMdWtqW79zAm4=s48-c-k-c0x00ffffff-no-rj,"Oii meu anjo 😇 ❤❤❤❤❤❤❤❤❤😊😊😊😊😊😊😊😊😊
Tudo bem 👍🏻 👺👹☠️💀👽😸😺😽😼😻😹😿🫶🤲👍🏻👎🏻👍🏻👎🏻👍🏻👎🏻👍🏻👎🏻","Oii meu anjo 😇 ❤❤❤❤❤❤❤❤❤😊😊😊😊😊😊😊😊😊
Tudo bem 👍🏻 👺👹☠️💀👽😸😺😽😼😻😹😿🫶🤲👍🏻👎🏻👍🏻👎🏻👍🏻👎🏻👍🏻👎🏻",0,none,True,2025-01-24T23:44:10Z,2025-01-24T23:44:10Z
UCj0O6W8yDuLg3iraAXKgCrQ,3ekLEtjfDG4,@julianehenrique3174,UCLb6GN48pkYXZKltEPPxjYQ,http://www.youtube.com/@julianehenrique3174,https://yt3.ggpht.com/ytc/AIdro_nnvKkXMrvhF6seM4PTG4ZrMax-kpCEsJIMdWtqW79zAm4=s48-c-k-c0x00ffffff-no-rj,Oi😂,Oi😂,0,none,True,2025-01-24T23:40:25Z,2025-01-24T23:40:25Z
UCj0O6W8yDuLg3iraAXKgCrQ,3ekLEtjfDG4,@leonardosousa8872,UC02iNUAabr5oQVURD74LrXw,http://www.youtube.com/@leonardosousa8872,https://yt3.ggpht.com/ytc/AIdro_mC7wadNcvvT1AoM9UcjG1ipXUEpbuYvkUdXrVw96M94Q=s48-c-k-c0x00ffffff-no-rj,Poderia ser a liza,Poderia ser a liza,0,none,True,2025-01-24T23:27:56Z,2025-01-24T23:27:56Z
UCj0O6W8yDuLg3iraAXKgCrQ,3ekLEtjfDG4,@miguelrodnasc,UCoQb6kCqgrvCUaSEEVSDKEQ,http://www.youtube.com/@miguelrodnasc,https://yt3.ggpht.com/DkqlIGWRhErmlOZhtDOnUReD2i8LdHHeTDy8Zje3GH_mv1UsvUFDUa7pI7GCDehM55ryzztN=s48-c-k-c0x00ffffff-no-rj,Bob esponja já pode se aposentar KKKKK,Bob esponja já pode se aposentar KKKKK,1,none,True,2025-01-23T03:15:24Z,2025-01-23T03:15:24Z
UCj0O6W8yDuLg3iraAXKgCrQ,3ekLEtjfDG4,@anapaulamonteiro1343,UCVfU9URu974sqVu8_cTeZsg,http://www.youtube.com/@anapaulamonteiro1343,https://yt3.ggpht.com/ytc/AIdro_k489dbUjVHiavMXCVBLGMHjuZ1MbGhFgMATRJyE25ZAk1KhQl3s6Hf7REnBDXFhbKjBA=s48-c-k-c0x00ffffff-no-rj,Eu assisto vcs desde 10 anos hj em dia eu tenho 15 eu acho legal os videos de vcs❤,Eu assisto vcs desde 10 anos hj em dia eu tenho 15 eu acho legal os videos de vcs❤,3,none,True,2025-01-22T02:24:18Z,2025-01-22T02:24:18Z
UCj0O6W8yDuLg3iraAXKgCrQ,3ekLEtjfDG4,@sofiacamposfischer9125,UCX0xPw3s6MKA8rrngLgSFwA,http://www.youtube.com/@sofiacamposfischer9125,https://yt3.ggpht.com/ytc/AIdro_neAWLH7sZOed0nxggmhltv1elkeHlOQumeJrdVd-uJprIR_0tQYDxrh34wywukW1kbeQ=s48-c-k-c0x00ffffff-no-rj,amo o lukas,amo o lukas,0,none,True,2025-01-21T19:41:52Z,2025-01-21T19:41:52Z
UCj0O6W8yDuLg3iraAXKgCrQ,3ekLEtjfDG4,@VitoriaFerreira-nf3dq,UCGRMtLJirFMU0aDqUdCM_vQ,http://www.youtube.com/@VitoriaFerreira-nf3dq,https://yt3.ggpht.com/ytc/AIdro_nIdFEF768caFO6uGO_7sHylbcu1LASbdq3k55MltwBzAcqqxgGI7M1stx6ZHD97mnpRQ=s48-c-k-c0x00ffffff-no-rj,❤Simpson 😊,❤Simpson 😊,0,none,True,2025-01-20T01:49:31Z,2025-01-20T01:49:31Z
UCj0O6W8yDuLg3iraAXKgCrQ,3ekLEtjfDG4,@OliverMartins-gm7uw,UCkrPq8erSV7dliRscuhdbaA,http://www.youtube.com/@OliverMartins-gm7uw,https://yt3.ggpht.com/tGTgc0djDml5hEYksgBcgu67pbu-fm6xBXELHXRhVQIRtE2JwloGqkx6JL_k7NvrdT-ukYeT=s48-c-k-c0x00ffffff-no-rj,😮😮😮😮,😮😮😮😮,1,none,True,2025-01-19T17:08:31Z,2025-01-19T17:08:31Z
UCj0O6W8yDuLg3iraAXKgCrQ,3ekLEtjfDG4,@diegovieira4465,UCr9JMhW52WHv-V0wlaytGVg,http://www.youtube.com/@diegovieira4465,https://yt3.ggpht.com/qyl5oIcI5n8s5g5i-89dyA29cy9mvOYW_WB29eVVrdZROwLxBAL2txMIZr6xtxqDMKRJGg9Ocg=s48-c-k-c0x00ffffff-no-rj,Kkkkkk,Kkkkkk,0,none,True,2025-01-19T16:15:34Z,2025-01-19T16:15:34Z
UCj0O6W8yDuLg3iraAXKgCrQ,3ekLEtjfDG4,@JordaneRamos-x8i,UC9csymxC0LCCVOlb9Gz3xcg,http://www.youtube.com/@JordaneRamos-x8i,https://yt3.ggpht.com/ytc/AIdro_mnHqUY0FTKsamoZjH0P9tQoBWlZXzGsND_80ZbUCQumHxnzproI3u1-WllQUnlU-r34g=s48-c-k-c0x00ffffff-no-rj,Perdi 2mil nessa brincadeira,Perdi 2mil nessa brincadeira,0,none,True,2025-01-19T15:24:20Z,2025-01-19T15:24:20Z
UCj0O6W8yDuLg3iraAXKgCrQ,3ekLEtjfDG4,@pedroaugusto8321,UCjQvrXizc6zAhrawwD1Aowg,http://www.youtube.com/@pedroaugusto8321,https://yt3.ggpht.com/ytc/AIdro_mYhDDsCA9NfTG2PgzluZfHQpG5ifmMgJPfOK61kjZldvH8THXl33B8Pu__NmTzyraUXQ=s48-c-k-c0x00ffffff-no-rj,Faz um video falando de pompeia a cidade que sofreu com a erupção de um vulcão,Faz um video falando de pompeia a cidade que sofreu com a erupção de um vulcão,4,none,True,2025-01-19T12:21:01Z,2025-01-19T12:21:01Z
UCj0O6W8yDuLg3iraAXKgCrQ,3ekLEtjfDG4,@rsgames20,UCpO46O16zauAR48ca4FkVag,http://www.youtube.com/@rsgames20,https://yt3.ggpht.com/f-crdwmoiJcEGzM-E4UHxu-N6nrcUaUBkDc22fTgAO35fnfRpTUhLnwEWRKeKdzgeScQ-EPFkQ=s48-c-k-c0x00ffffff-no-rj,...tá explicado...o L...deve ter sido pego pela yakuza. Kkk,...tá explicado...o L...deve ter sido pego pela yakuza. Kkk,0,none,True,2025-01-18T16:59:31Z,2025-01-18T17:01:38Z
UCj0O6W8yDuLg3iraAXKgCrQ,3ekLEtjfDG4,@ThiagoOliveira-qy8xl,UCzN1pknjFQMHoV3jdWadOrQ,http://www.youtube.com/@ThiagoOliveira-qy8xl,https://yt3.ggpht.com/ytc/AIdro_lPTXU7bGvqkASvrFnqEz7jGrbh0Wjt7NiRodUa8Aw=s48-c-k-c0x00ffffff-no-rj,A foto poderia ser da Lisa...,A foto poderia ser da Lisa...,0,none,True,2025-01-18T15:04:39Z,2025-01-18T15:04:39Z
UCj0O6W8yDuLg3iraAXKgCrQ,3ekLEtjfDG4,@julianamartins4102,UCUYN-XmOIVialjoBfOj4fuA,http://www.youtube.com/@julianamartins4102,https://yt3.ggpht.com/EhCpt2LijMu-HRLyDedTbrKW1VFI8sn9bjluNXHbZ8Q99B_hyo2TJAdLEpFswrN_DpUyn68l=s48-c-k-c0x00ffffff-no-rj,Alguém em 2077,Alguém em 2077,1,none,True,2025-01-17T11:01:06Z,2025-01-17T11:01:06Z
UCj0O6W8yDuLg3iraAXKgCrQ,3ekLEtjfDG4,@CasaGeral-p8d,UCgBBHoW7D4nVkuEkaEYeSNQ,http://www.youtube.com/@CasaGeral-p8d,https://yt3.ggpht.com/RHK_d8KqIqIOnp_YGr9orHrymZlEmqnlrmIH9x9Nsu5kc08aLWgoI5pjq07PBecfE6zIiUyVOw=s48-c-k-c0x00ffffff-no-rj,Ah🐸,Ah🐸,0,none,True,2025-01-16T04:16:53Z,2025-01-16T04:17:15Z
UCj0O6W8yDuLg3iraAXKgCrQ,3ekLEtjfDG4,@sergioamaral3914,UCsVtPosotBLXyw_CVXkR0zA,http://www.youtube.com/@sergioamaral3914,https://yt3.ggpht.com/H0ChdgjaLMrAofvComTybFMkEVxEgFsTscD8g20gn2aWbJWm3w02uXNmcPGEuiwqY_Y0QKmLhO8=s48-c-k-c0x00ffffff-no-rj,Esses caras são demais!,Esses caras são demais!,2,none,True,2025-01-14T23:05:35Z,2025-01-14T23:05:35Z
UCj0O6W8yDuLg3iraAXKgCrQ,3ekLEtjfDG4,@tiagoribeiro7902,UCBcsc7AMz-VqvnfIYN2oO1A,http://www.youtube.com/@tiagoribeiro7902,https://yt3.ggpht.com/ytc/AIdro_lBYyLRTEjU4Ul8-5Cni1_Oiuw_1-SqKfV4jQSf4qs=s48-c-k-c0x00ffffff-no-rj,Adoro o canal mas pessoal essa malta da bret pagou bem ein kkkkkkk,Adoro o canal mas pessoal essa malta da bret pagou bem ein kkkkkkk,0,none,True,2025-01-14T21:32:46Z,2025-01-14T21:32:46Z
UCj0O6W8yDuLg3iraAXKgCrQ,3ekLEtjfDG4,@DJ_GAMEPLAY,UCufJSKKYou2dsJdWJgoxenw,http://www.youtube.com/@DJ_GAMEPLAY,https://yt3.ggpht.com/EdHrgc9EfXfUPIVeKJKTsWhDcel4Of0YNJMOMm1tnil2e_xB1hQHzAQ9nGd5elXbINNYkRq6OA=s48-c-k-c0x00ffffff-no-rj,Não era a maqui era a lisa qua do era um bebê,Não era a maqui era a lisa qua do era um bebê,0,none,True,2025-01-13T23:48:38Z,2025-01-13T23:48:38Z
UCj0O6W8yDuLg3iraAXKgCrQ,3ekLEtjfDG4,@kirasemlimites3293,UCUNZxnU9HUNtkPcFwuMVLsg,http://www.youtube.com/@kirasemlimites3293,https://yt3.ggpht.com/ytc/AIdro_kY3bKPuBq7X4yi3IDB-hS8Ye4TO9ozbuDoqZMZiCDu3yI=s48-c-k-c0x00ffffff-no-rj,"Poh man , faz um “Você Sabia pelo mundo “ , abre uma caixinha para a galera ajudar e vcs fazem videos (umas reprises dos vídeos antigos ) falando sobre o acidente de Chernobyl, Mitologia Grega , ver objetos históricos , falando sobre culinária e culturas de diversos países , cidades fantasmas entre outras coisas de diversos contextos históricos, acredito que assim como eu , diversos fãs do trabalhos de vcs que lhes acompanham a bastante tempo já estamos cansados de esperar! Esse quadro tá demorando de mais !","Poh man , faz um “Você Sabia pelo mundo “ , abre uma caixinha para a galera ajudar e vcs fazem videos (umas reprises dos vídeos antigos ) falando sobre o acidente de Chernobyl, Mitologia Grega , ver objetos históricos , falando sobre culinária e culturas de diversos países , cidades fantasmas entre outras coisas de diversos contextos históricos, acredito que assim como eu , diversos fãs do trabalhos de vcs que lhes acompanham a bastante tempo já estamos cansados de esperar! Esse quadro tá demorando de mais !",3,none,True,2025-01-13T19:51:56Z,2025-01-13T19:51:56Z
UCj0O6W8yDuLg3iraAXKgCrQ,3ekLEtjfDG4,@anaassuncao5499,UCV8I4GZJzE85EdDZysgMTMg,http://www.youtube.com/@anaassuncao5499,https://yt3.ggpht.com/ytc/AIdro_nrItXl3rC6YZk-z5Jq2bcPTUdC0kHRIHn0tfZ5wnU=s48-c-k-c0x00ffffff-no-rj,Façam um vídeo sobre as teorias de brawl stars,Façam um vídeo sobre as teorias de brawl stars,0,none,True,2025-01-12T01:29:20Z,2025-01-12T01:29:20Z
UCj0O6W8yDuLg3iraAXKgCrQ,3ekLEtjfDG4,@ErickMoura-cl5ow,UCSe7vNxG_-sasQ9wDR7a_Zw,http://www.youtube.com/@ErickMoura-cl5ow,https://yt3.ggpht.com/ytc/AIdro_mS0Mc60NZyxaJydSkBsakuZ7vbNBZ-xu91vkuivg-cKqxwLCjAfub72z7AfatrbICoJg=s48-c-k-c0x00ffffff-no-rj,"Que ama , a gente so ama deus gosta dele gosta dele ❤","Que ama , a gente so ama deus gosta dele gosta dele ❤",0,none,True,2025-01-11T09:12:19Z,2025-01-11T09:12:19Z
UCj0O6W8yDuLg3iraAXKgCrQ,3ekLEtjfDG4,@mari_games-l9y,UCeYhMcJs5JzWQZxArv2PK-w,http://www.youtube.com/@mari_games-l9y,https://yt3.ggpht.com/BHAUYe8fEc3ZQY4aJvBu6Oh_0L3JknRmvUUaUFzrGCMSxCebiYQFXHx50SNobyiUpPtcc0Nv=s48-c-k-c0x00ffffff-no-rj,Ninguém me dá like😢😢,Ninguém me dá like😢😢,0,none,True,2025-01-10T11:58:03Z,2025-01-10T11:58:03Z
UCj0O6W8yDuLg3iraAXKgCrQ,3ekLEtjfDG4,@gilmaralage3333,UCc6rJfy_ImB6hp4Az2Ux8cQ,http://www.youtube.com/@gilmaralage3333,https://yt3.ggpht.com/lHiCCrPULZrUY4O8pEL4WZ9JEBNeZGWo6nG22IxNgV3Oe-od-3nPSOYi9eplH2whj3fCO2Ju2zE=s48-c-k-c0x00ffffff-no-rj,7,7,0,none,True,2025-01-08T13:54:03Z,2025-01-08T13:54:03Z
UCj0O6W8yDuLg3iraAXKgCrQ,3ekLEtjfDG4,@ArthurMarassati,UCmAMVoCP41lMT-PZjoYcljw,http://www.youtube.com/@ArthurMarassati,https://yt3.ggpht.com/d4PPv_eFcLBUFhDOkhyfNJPYkM32e1dWpR8p31Tpw4XeH7IYhzqH4HvlixJqIps22VWQ3Dk7Zf8=s48-c-k-c0x00ffffff-no-rj,Eu adoro memes eu flopa é um gato bem,Eu adoro memes eu flopa é um gato bem,1,none,True,2025-01-08T01:22:36Z,2025-01-08T01:22:36Z
UCj0O6W8yDuLg3iraAXKgCrQ,3ekLEtjfDG4,@CristhyanPaypal,UCY_4JmYx3s6yrjXBwfZ2g7Q,http://www.youtube.com/@CristhyanPaypal,https://yt3.ggpht.com/ytc/AIdro_mIwmOWixO3beIzPS1KrkOcL7bCtFf4JjSrxK3XBh3w8AGlMUaGWuQGy0UKisQHftHW9Q=s48-c-k-c0x00ffffff-no-rj,"Oxi, a do quadro é a Liza Bebê uai","Oxi, a do quadro é a Liza Bebê uai",0,none,True,2025-01-07T12:31:57Z,2025-01-07T12:31:57Z
UCj0O6W8yDuLg3iraAXKgCrQ,3ekLEtjfDG4,@willysilva9449,UC40zOKHJgh-wxMCaB5OOnNw,http://www.youtube.com/@willysilva9449,https://yt3.ggpht.com/umaTQoI5DutfBpXPBjat9SvGwJlTnaFfxgzP-tDI-KClZU8f7jzVe8gaIRAlpy5CaBfr3Qf2gw=s48-c-k-c0x00ffffff-no-rj,"Esqueceram que eles tem a Lisa, pode ser um quadro da Lisa.","Esqueceram que eles tem a Lisa, pode ser um quadro da Lisa.",2,none,True,2025-01-07T02:22:45Z,2025-01-07T02:22:45Z
UCj0O6W8yDuLg3iraAXKgCrQ,3ekLEtjfDG4,@BJRonaldo,UCvTPGpZ-LmHMYD-RmGVN4QA,http://www.youtube.com/@BJRonaldo,https://yt3.ggpht.com/ytc/AIdro_lnUakFuXz357b9KgCmoyBb_R7TK0YBPUykeKWhK8bf60az=s48-c-k-c0x00ffffff-no-rj,toligado que vcs vao pro bbb25,toligado que vcs vao pro bbb25,0,none,True,2025-01-06T17:14:41Z,2025-01-06T17:14:41Z
UCj0O6W8yDuLg3iraAXKgCrQ,3ekLEtjfDG4,@dayananunes8304,UCTE_vnEuk4_3ZauZ1ZuZbmQ,http://www.youtube.com/@dayananunes8304,https://yt3.ggpht.com/ytc/AIdro_lLmhRgb0yFn0hdXTzlbVz51TkSihLslnFAfRbfYFfnMyLG=s48-c-k-c0x00ffffff-no-rj,"Ben
Legal","Ben
Legal",0,none,True,2025-01-05T14:24:51Z,2025-01-05T14:24:51Z
UCj0O6W8yDuLg3iraAXKgCrQ,3ekLEtjfDG4,@diegoduarte9922,UCVBMjkSosW5tq9I6Uobtc4w,http://www.youtube.com/@diegoduarte9922,https://yt3.ggpht.com/ytc/AIdro_lFeCDkMnK3tVJZacaHh8l4Pu8kbXG0ZUtyOuM04BzgSNI=s48-c-k-c0x00ffffff-no-rj,"Não é a Meg é a lisa, da pra ver no fundo da escada que tem o Bart bebe também","Não é a Meg é a lisa, da pra ver no fundo da escada que tem o Bart bebe também",1,none,True,2025-01-05T01:15:52Z,2025-01-05T01:15:52Z
UCj0O6W8yDuLg3iraAXKgCrQ,3ekLEtjfDG4,@MariaEduardaexana,UCKOu-j_p3L5KLAKLp_vMm8w,http://www.youtube.com/@MariaEduardaexana,https://yt3.ggpht.com/tL9C5mmHkks1aq6kcKlz0K-chGugEnAx6aHhZdSOoEXpSsIs_-srpC-Q7ajVPkQNmtUTb-6H=s48-c-k-c0x00ffffff-no-rj,Vcs ensinos melhores do quer a escola,Vcs ensinos melhores do quer a escola,0,none,True,2025-01-03T16:01:51Z,2025-01-03T16:01:51Z
UCj0O6W8yDuLg3iraAXKgCrQ,3ekLEtjfDG4,@weynilgomes56,UConzC3CRi21_5sA7ZuT_2Sg,http://www.youtube.com/@weynilgomes56,https://yt3.ggpht.com/fS3fTrNOWzCL9anK1diI4eVHexRZzmEsM6FSd4KVp-gKIakn7aF_803tS8BF20-WpvJzROAI3hY=s48-c-k-c0x00ffffff-no-rj,"ALGO QUE JAMAIS FOSSE VISTO    ?  ?    
UÉ .......","ALGO QUE JAMAIS FOSSE VISTO    ?  ?    
UÉ .......",0,none,True,2025-01-02T19:49:30Z,2025-01-02T19:49:30Z
UCj0O6W8yDuLg3iraAXKgCrQ,3ekLEtjfDG4,@carlosneto2968,UCrIDq0-MFLL8lEFDwLnVWTg,http://www.youtube.com/@carlosneto2968,https://yt3.ggpht.com/ytc/AIdro_loDmWqmKXD2VidTU52jNDYvBAXxR_u6oGAfiRuhsT-gcs=s48-c-k-c0x00ffffff-no-rj,alguém aqui já em 2025?,alguém aqui já em 2025?,5,none,True,2025-01-02T01:32:45Z,2025-01-02T01:32:45Z
UCj0O6W8yDuLg3iraAXKgCrQ,3ekLEtjfDG4,@Mndoff,UC7cIn40M-Sh0AaKOe1MTfYw,http://www.youtube.com/@Mndoff,https://yt3.ggpht.com/PJww4gLkQMnOsJ2MG0Ddwan0K3oksh7iNicLeUJkLDJICNtXl7rWoZuqo-vDT9xXnGI87gtn=s48-c-k-c0x00ffffff-no-rj,Alguem em 2040,Alguem em 2040,1,none,True,2025-01-01T15:45:29Z,2025-01-01T15:45:29Z
UCj0O6W8yDuLg3iraAXKgCrQ,3ekLEtjfDG4,@MundoNet77,UCC9S-kYo6pkyoe6j9obHXOg,http://www.youtube.com/@MundoNet77,https://yt3.ggpht.com/ytc/AIdro_ndtGCqv8GkxVkOUgUUrgxMJ79NmTAJGhdSHUUM4AH2_DjjKes=s48-c-k-c0x00ffffff-no-rj,+ 1 Inscrito,+ 1 Inscrito,0,none,True,2025-01-01T09:10:17Z,2025-01-01T09:10:17Z
UCj0O6W8yDuLg3iraAXKgCrQ,3ekLEtjfDG4,@marcelamadureira2930,UCK5izxmO3XEfaFVp9YqSDFw,http://www.youtube.com/@marcelamadureira2930,https://yt3.ggpht.com/ytc/AIdro_n4LRFXca-cU4SEYZ6YQ8Wer2KEm6szNctlnRqkCqF32F6Y=s48-c-k-c0x00ffffff-no-rj,EuSou ótimo palo,EuSou ótimo palo,0,none,True,2024-12-31T03:22:44Z,2024-12-31T03:22:44Z
UCj0O6W8yDuLg3iraAXKgCrQ,3ekLEtjfDG4,@dawisonholanda1823,UCPuKh1nRHlievljT9TVuYMQ,http://www.youtube.com/@dawisonholanda1823,https://yt3.ggpht.com/xRUIi5JJiyhGgggM4TxwcJi6h_emxAcGp4HsUdxlY8QlWBuwm5t1KmySpclYMtMuUUihDj4JhA=s48-c-k-c0x00ffffff-no-rj,Eu sou poppy playtime,Eu sou poppy playtime,0,none,True,2024-12-30T20:31:06Z,2024-12-30T20:31:06Z
UCj0O6W8yDuLg3iraAXKgCrQ,3ekLEtjfDG4,@dawisonholanda1823,UCPuKh1nRHlievljT9TVuYMQ,http://www.youtube.com/@dawisonholanda1823,https://yt3.ggpht.com/xRUIi5JJiyhGgggM4TxwcJi6h_emxAcGp4HsUdxlY8QlWBuwm5t1KmySpclYMtMuUUihDj4JhA=s48-c-k-c0x00ffffff-no-rj,L,L,0,none,True,2024-12-30T20:30:38Z,2024-12-30T20:30:38Z
UCj0O6W8yDuLg3iraAXKgCrQ,3ekLEtjfDG4,@dawisonholanda1823,UCPuKh1nRHlievljT9TVuYMQ,http://www.youtube.com/@dawisonholanda1823,https://yt3.ggpht.com/xRUIi5JJiyhGgggM4TxwcJi6h_emxAcGp4HsUdxlY8QlWBuwm5t1KmySpclYMtMuUUihDj4JhA=s48-c-k-c0x00ffffff-no-rj,L,L,0,none,True,2024-12-30T20:27:36Z,2024-12-30T20:27:36Z
UCj0O6W8yDuLg3iraAXKgCrQ,3ekLEtjfDG4,@jrXpress,UCWCoJW7E42zUyBfesXntSNA,http://www.youtube.com/@jrXpress,https://yt3.ggpht.com/ytc/AIdro_mmPK_t4CQu18r6PFbNBk7HS0xlw5TgU86XHlti4zGUXQ=s48-c-k-c0x00ffffff-no-rj,ali na parede 2:20 o retrato  é da Lisa quando bebe e não da Meg ; ) eu tbm pensei que fosse a Meg. mais entendi que é a Lisa bebe ...,ali na parede 2:20 o retrato  é da Lisa quando bebe e não da Meg ; ) eu tbm pensei que fosse a Meg. mais entendi que é a Lisa bebe ...,3,none,True,2024-12-30T15:24:26Z,2024-12-30T15:24:26Z
UCj0O6W8yDuLg3iraAXKgCrQ,3ekLEtjfDG4,@GarenaFree-he1mi,UCZQzY50nNw1nSr6uTAyRLCA,http://www.youtube.com/@GarenaFree-he1mi,https://yt3.ggpht.com/ytc/AIdro_mJUxkkmi665AmRCz4ilJfPTAan1TU452g2UM5ek9PklkcAAb7dnzzInZhXZe_Ftp4s2g=s48-c-k-c0x00ffffff-no-rj,Eu sou o Superman 😢,Eu sou o Superman 😢,0,none,True,2024-12-30T14:46:27Z,2024-12-30T14:46:27Z
UCj0O6W8yDuLg3iraAXKgCrQ,3ekLEtjfDG4,@LarryssaEmanuelly,UCUnQcytUhK4ieargu-WjHnQ,http://www.youtube.com/@LarryssaEmanuelly,https://yt3.ggpht.com/ytc/AIdro_lH1zJmlsA1WqGJZyMpgTbIfXRnmiC714MlofQqnMaTuRgkpG4o42a60HhOGPyJpAPAuA=s48-c-k-c0x00ffffff-no-rj,😮😮😮😮😮😱😱😱😧,😮😮😮😮😮😱😱😱😧,0,none,True,2024-12-29T18:14:51Z,2024-12-29T18:14:51Z
UCj0O6W8yDuLg3iraAXKgCrQ,3ekLEtjfDG4,@Maria-c4d8q,UCh8FeTgIYV_BuogA3tOBvBw,http://www.youtube.com/@Maria-c4d8q,https://yt3.ggpht.com/ytc/AIdro_kIB5IA6ctvzva_sdiR-wLzAe7GYZepYXonq7FFVmg1fN0SLFqcdgNA01BzkaRlSJ-oHg=s48-c-k-c0x00ffffff-no-rj,Mais pq la na Disney da França no EUA e em em outros países que tem Disney eles tem 5 dedos????,Mais pq la na Disney da França no EUA e em em outros países que tem Disney eles tem 5 dedos????,0,none,True,2024-12-28T00:56:39Z,2024-12-28T00:56:39Z
UCj0O6W8yDuLg3iraAXKgCrQ,3ekLEtjfDG4,@Lord_gustavo_FF,UCd9hfCWHBg6tNQaRCkpFZtQ,http://www.youtube.com/@Lord_gustavo_FF,https://yt3.ggpht.com/PEQSSTx6C0kwln3fCG-ybivhO3eJTTa9JzgxiG--WTOoeYzW77jjVH4w4C85jc4qED1rwI3f=s48-c-k-c0x00ffffff-no-rj,Mn adorei essa câmera mostrado o cenário kkkkk😂,Mn adorei essa câmera mostrado o cenário kkkkk😂,0,none,True,2024-12-27T20:36:20Z,2024-12-27T20:36:20Z
UCj0O6W8yDuLg3iraAXKgCrQ,3ekLEtjfDG4,@Lord_gustavo_FF,UCd9hfCWHBg6tNQaRCkpFZtQ,http://www.youtube.com/@Lord_gustavo_FF,https://yt3.ggpht.com/PEQSSTx6C0kwln3fCG-ybivhO3eJTTa9JzgxiG--WTOoeYzW77jjVH4w4C85jc4qED1rwI3f=s48-c-k-c0x00ffffff-no-rj,Mn adorei essa câmera mostrado o cenário kkkkk😂,Mn adorei essa câmera mostrado o cenário kkkkk😂,2,none,True,2024-12-27T20:35:51Z,2024-12-27T20:35:51Z
UCj0O6W8yDuLg3iraAXKgCrQ,3ekLEtjfDG4,@geisianemartins5655,UCkqMd3IMoGCkMlsH0FIrH7A,http://www.youtube.com/@geisianemartins5655,https://yt3.ggpht.com/dsXGV4-9A1o_hx_PWd-oJ65V67Y6KnvoPgBEISEqWfwE10qqg3DqOt2cBnnNQqzlL8tOkaM2Fw=s48-c-k-c0x00ffffff-no-rj,eu amava a música dos Simpsons❤❤❤ate que ☠️ 2:46,eu amava a música dos Simpsons❤❤❤ate que ☠️ 2:46,3,none,True,2024-12-27T14:30:17Z,2024-12-27T14:30:17Z
UCj0O6W8yDuLg3iraAXKgCrQ,3ekLEtjfDG4,@FelipeBrazmacedo,UCaHUe358-SNS9MPbaJBGzNw,http://www.youtube.com/@FelipeBrazmacedo,https://yt3.ggpht.com/ytc/AIdro_lSxERKmuXpC-ZC9j7fDJwYA7IckYaELucXUsk6JqJMNWOrJkgdwEv1hl_g-6nsJoGqnQ=s48-c-k-c0x00ffffff-no-rj,Uau,Uau,0,none,True,2024-12-26T22:16:39Z,2024-12-26T22:16:39Z
UCj0O6W8yDuLg3iraAXKgCrQ,3ekLEtjfDG4,@joseroberto1776,UChGqk3fYlqsnz6eG4fHW0IA,http://www.youtube.com/@joseroberto1776,https://yt3.ggpht.com/ytc/AIdro_n5CE76MVQkMhu6a4iK8az9kQPv_kPr-iuQ5nXhdG29qrENWaHeBnsbgnZdiKIuS-Wfkw=s48-c-k-c0x00ffffff-no-rj,"Eu tô achando que vcs 2 está faltando um parafuso. pois a terra nunca será destruída eclesiaste 1:4 e Isaías 45:17,18.","Eu tô achando que vcs 2 está faltando um parafuso. pois a terra nunca será destruída eclesiaste 1:4 e Isaías 45:17,18.",0,none,True,2024-12-26T01:47:55Z,2024-12-26T01:47:55Z
UCj0O6W8yDuLg3iraAXKgCrQ,3ekLEtjfDG4,@matheushenriqueferreira5810,UCaDR3OOb-ZYoVmBT-Yj1LYQ,http://www.youtube.com/@matheushenriqueferreira5810,https://yt3.ggpht.com/ytc/AIdro_lKSXt_B6LOQYKQHAFYnfWVzeESzPsmcXDZ6MTAo1ITqos=s48-c-k-c0x00ffffff-no-rj,"Então lula já foi castigado pela Yakuza.
😂😂😂😂😂😂😂","Então lula já foi castigado pela Yakuza.
😂😂😂😂😂😂😂",1,none,True,2024-12-25T21:13:00Z,2024-12-25T21:13:22Z
UCj0O6W8yDuLg3iraAXKgCrQ,3ekLEtjfDG4,@taillanesantosdacosta2294,UCm7KqN3rJ9aseY5EaQVcNvA,http://www.youtube.com/@taillanesantosdacosta2294,https://yt3.ggpht.com/ytc/AIdro_lhs6SDd_ISLdFdhwfNUuGzgU43Hqab3XUGdhgZy6ssnnI=s48-c-k-c0x00ffffff-no-rj,"E se na foto for a Lisa,quando bebê e não a Maggie??? 😌😌🤣🤣🤣🤣","E se na foto for a Lisa,quando bebê e não a Maggie??? 😌😌🤣🤣🤣🤣",0,none,True,2024-12-25T15:14:29Z,2024-12-25T15:14:29Z
UCj0O6W8yDuLg3iraAXKgCrQ,3ekLEtjfDG4,@RenatoFrancisco-c3h,UCwnFaMTYNGMtUFyXYg1fD6A,http://www.youtube.com/@RenatoFrancisco-c3h,https://yt3.ggpht.com/ytc/AIdro_mC-F_LUNsLxxHq0iRkdThSk-g8rlByJUfRPLo8n2HtbmB0G7VDfzswGgLJModTHVY6_A=s48-c-k-c0x00ffffff-no-rj,O número e 847.63,O número e 847.63,0,none,True,2024-12-25T14:02:47Z,2024-12-25T14:02:47Z
UCj0O6W8yDuLg3iraAXKgCrQ,3ekLEtjfDG4,@KatianeOliveira-q1y,UCNUXxERCVctncrcwkCF_5NQ,http://www.youtube.com/@KatianeOliveira-q1y,https://yt3.ggpht.com/Ecxh_QipfhL_t6PtA_s5nGyOh-k9LNyx_uwfKrbGhyDDXuxd1UXuPS35_B3SZOT2owQkf6Pamg=s48-c-k-c0x00ffffff-no-rj,O Lucas imitando o Bob esponja me lembrou que sei imitar também jkkkkkkkk,O Lucas imitando o Bob esponja me lembrou que sei imitar também jkkkkkkkk,1,none,True,2024-12-23T01:34:01Z,2024-12-23T01:34:01Z
UCj0O6W8yDuLg3iraAXKgCrQ,3ekLEtjfDG4,@tv.cortes.show1,UC3Vrlq7bukFoNnwloQC7_Sw,http://www.youtube.com/@tv.cortes.show1,https://yt3.ggpht.com/zzIfbqWh2E3DuJDsCh0yJ3CaLdY0CqHZgzkoatP82fwoMIWgXdGg7Owy55ICm2TOkw4li80d=s48-c-k-c0x00ffffff-no-rj,não era mag e sim lisa bebe na foto,não era mag e sim lisa bebe na foto,0,none,True,2024-12-22T23:50:11Z,2024-12-22T23:50:11Z
UCj0O6W8yDuLg3iraAXKgCrQ,3ekLEtjfDG4,@diogenessamuelfloresdeliz3924,UCdj_z5Nc0eb1CtoKL3pTeHA,http://www.youtube.com/@diogenessamuelfloresdeliz3924,https://yt3.ggpht.com/ytc/AIdro_m5PBuoSRgZXKwIarG3qC1335_59Z3fDDD6xcKcs-k6Xw8=s48-c-k-c0x00ffffff-no-rj,Era a liza ué,Era a liza ué,0,none,True,2024-12-22T22:08:15Z,2024-12-22T22:08:15Z
UCj0O6W8yDuLg3iraAXKgCrQ,3ekLEtjfDG4,@KessiaCristina-h9l,UCgZdNoW9lrz7V3uzYPBgR-w,http://www.youtube.com/@KessiaCristina-h9l,https://yt3.ggpht.com/ytc/AIdro_nINduFEoqdR9Ur9aH5Wjyys_h6Cvr5JLOUK2d9YuckXV4H-eJ2TUNvqVabpPDyQcaEZw=s48-c-k-c0x00ffffff-no-rj,Nossa senhora,Nossa senhora,0,none,True,2024-12-22T16:49:50Z,2024-12-22T16:49:50Z
UCj0O6W8yDuLg3iraAXKgCrQ,3ekLEtjfDG4,@HenriqueTraginodeSousa-k2m,UC8DrRBavgAkFkbS4IsJaB1Q,http://www.youtube.com/@HenriqueTraginodeSousa-k2m,https://yt3.ggpht.com/L5MRY3TxcYS4c3kngbQbQ42ASTi4bFTIW9ZUxiwl2WvZa53l6AZSn14baVtJjVBM5qxusRwExw=s48-c-k-c0x00ffffff-no-rj,Mas por que o Bob Esponja se chama Bob Esponja calça quadrada à calça dele não é Quadrada,Mas por que o Bob Esponja se chama Bob Esponja calça quadrada à calça dele não é Quadrada,0,none,True,2024-12-22T15:50:09Z,2024-12-22T15:50:09Z
UCj0O6W8yDuLg3iraAXKgCrQ,3ekLEtjfDG4,@MrCoca-i5g,UCeu5Zv-FxNiJawh6QipGMfg,http://www.youtube.com/@MrCoca-i5g,https://yt3.ggpht.com/CZsvC1wg4wkzDhjxxyMT0GVpiORNi40abXIN3MPdFDhuJfqWa4fCv7h7x8aoPQwePNZnztogbw=s48-c-k-c0x00ffffff-no-rj,🗿🍷,🗿🍷,0,none,True,2024-12-21T19:05:03Z,2024-12-21T19:05:03Z
UCj0O6W8yDuLg3iraAXKgCrQ,3ekLEtjfDG4,@tvproducoes68,UCFepmK6yGEYvT-q9k2HFxgA,http://www.youtube.com/@tvproducoes68,https://yt3.ggpht.com/BxmblFoumE_FfK58q0CsdnJbReikzaIt1XC53BgDAh4pyMYfmclVm4h2Q51kcIxHveBnp-XgliY=s48-c-k-c0x00ffffff-no-rj,Ei vocês poderiam fazer um vídeo sobre os ovinis lá em nova jersey,Ei vocês poderiam fazer um vídeo sobre os ovinis lá em nova jersey,1,none,True,2024-12-20T11:57:47Z,2024-12-20T11:57:47Z
UCj0O6W8yDuLg3iraAXKgCrQ,3ekLEtjfDG4,@Willianjunior07,UCuFbDLggGQ0nZENIeB8g0cw,http://www.youtube.com/@Willianjunior07,https://yt3.ggpht.com/A0_ksaSn48BKWIbTJGOJX04xMAjeyeecbJKh8xjNRJQB9PTSh891AX-lxVp5hfpuNzmhtbLshQ=s48-c-k-c0x00ffffff-no-rj,"É a Elisa quando bebê gente, pelo amor de Deus","É a Elisa quando bebê gente, pelo amor de Deus",0,none,True,2024-12-20T10:27:16Z,2024-12-20T10:27:16Z
UCj0O6W8yDuLg3iraAXKgCrQ,3ekLEtjfDG4,@Smt13,UC9ii0xSR-RHCfFPDWRZKwNQ,http://www.youtube.com/@Smt13,https://yt3.ggpht.com/crTvQjxZJ59CAR-veWMwvoHSrywDNvdpqq_zuwKFCVzozooF3H8_LUONmlaVq3O_u6N9xJWDF_E=s48-c-k-c0x00ffffff-no-rj,Eu sou a vingança,Eu sou a vingança,0,none,True,2024-12-19T15:54:47Z,2024-12-19T15:54:47Z
UCj0O6W8yDuLg3iraAXKgCrQ,3ekLEtjfDG4,@AndreGustavo-fh4ku,UCpphqwkPdAF4kVcft4eTfPg,http://www.youtube.com/@AndreGustavo-fh4ku,https://yt3.ggpht.com/LLyhTaxBGCccWVJRVK5qG7NqpJ2tmOhpn38r0Ik3AkdtLtod1mJaQRugBuDHGdoqy-krBA3hy7Q=s48-c-k-c0x00ffffff-no-rj,"Façam um vídeo sobre os Ovnis no USA, assunto do momento","Façam um vídeo sobre os Ovnis no USA, assunto do momento",0,none,True,2024-12-18T22:28:27Z,2024-12-18T22:28:27Z
UCj0O6W8yDuLg3iraAXKgCrQ,3ekLEtjfDG4,@mariaeduardaandrade6101,UCLqg3M_87yrcQfv19SsayHg,http://www.youtube.com/@mariaeduardaandrade6101,https://yt3.ggpht.com/ytc/AIdro_ntHDmOce4s0ci2AJkzhTtdoUud9hGUN_mtv-rXEnbhyRa4=s48-c-k-c0x00ffffff-no-rj,Boa tarde! Vcs vão falar sobre o assunto q estão falando sobre a terra está sendo invadida?,Boa tarde! Vcs vão falar sobre o assunto q estão falando sobre a terra está sendo invadida?,0,none,True,2024-12-18T21:12:11Z,2024-12-18T21:12:11Z
UCj0O6W8yDuLg3iraAXKgCrQ,3ekLEtjfDG4,@Xandinho_RP,UCftLHm-mvy24xCuqaJmwJbQ,http://www.youtube.com/@Xandinho_RP,https://yt3.ggpht.com/RVy_zoxFH9iNNcFfcGk7VOYCAFhzsNmMTX401Nubt5obwzlnd6YRETrYkj8jP-fXlYIlRif4NoU=s48-c-k-c0x00ffffff-no-rj,Eu sou o supermam eu seii voar já fui nas nuvens e voltei 😂,Eu sou o supermam eu seii voar já fui nas nuvens e voltei 😂,0,none,True,2024-12-18T15:58:49Z,2024-12-18T15:58:49Z
UCj0O6W8yDuLg3iraAXKgCrQ,3ekLEtjfDG4,@kauancarvalho418,UC9vrXh3HwLm8rpD0HKjs4Sw,http://www.youtube.com/@kauancarvalho418,https://yt3.ggpht.com/FzvHFToTHouLgusl8v5acj2ZMUlEc7r_DnyGmL8QUOptMnyZy1tvQ1MET8An1kfE-lage6nch_8=s48-c-k-c0x00ffffff-no-rj,E não era a megie no quadro era a liza pq elas são MT parecidas.,E não era a megie no quadro era a liza pq elas são MT parecidas.,0,none,True,2024-12-16T16:32:03Z,2024-12-16T16:32:03Z
UCj0O6W8yDuLg3iraAXKgCrQ,3ekLEtjfDG4,@Cláudio-v7k,UCWZn5sqIUxAbgIv84kujX-w,http://www.youtube.com/@Cl%C3%A1udio-v7k,https://yt3.ggpht.com/ytc/AIdro_n3m7xeWn5ptA_zwpmU81y3O6-jbv8WvjnnpyQKbi9YeNOmEZNThwjQW3EwN3-DVI6pDA=s48-c-k-c0x00ffffff-no-rj,"Eu assisto vocês desde que eu tinha 10 anos, agora tenho 14, os vídeos de vocês é muito bom, façam mais viu","Eu assisto vocês desde que eu tinha 10 anos, agora tenho 14, os vídeos de vocês é muito bom, façam mais viu",3,none,True,2024-12-16T16:09:34Z,2024-12-16T16:09:34Z
UCj0O6W8yDuLg3iraAXKgCrQ,3ekLEtjfDG4,@gabrielvigatopavaneli3229,UCRLYO-1rbXP50cux3B2xBBQ,http://www.youtube.com/@gabrielvigatopavaneli3229,https://yt3.ggpht.com/ytc/AIdro_nXMGzUnEyDl29HbJc9riHnYUlfKs_9d5IPUXsKslo=s48-c-k-c0x00ffffff-no-rj,Não sabia que eles eram Anjos ao invez de Fadas,Não sabia que eles eram Anjos ao invez de Fadas,1,none,True,2024-12-16T00:50:01Z,2024-12-16T00:50:01Z
UCj0O6W8yDuLg3iraAXKgCrQ,3ekLEtjfDG4,@Dia_abençoado,UCBsoNC9al-JbbIJtf88vy_w,http://www.youtube.com/@Dia_aben%C3%A7oado,https://yt3.ggpht.com/YMQaD0wVND_JgkOASxUMtk6MMKlKnEaAhY-SOQAMInGdzkDkEwXunG-7mSLCpl7xY8vunF98=s48-c-k-c0x00ffffff-no-rj,Ouuuu fala da DOG TBM,Ouuuu fala da DOG TBM,0,none,True,2024-12-15T17:46:52Z,2024-12-15T17:46:52Z
UCj0O6W8yDuLg3iraAXKgCrQ,3ekLEtjfDG4,@andersonlima2047,UCidUsY8bI7odq4_1xFeziEw,http://www.youtube.com/@andersonlima2047,https://yt3.ggpht.com/ytc/AIdro_kO5NoOIesIbupolLsJJGRiSr1UPPny5GmMcIAX5xE=s48-c-k-c0x00ffffff-no-rj,😻😻😻😻😻😻😻🫶💖💓💗,😻😻😻😻😻😻😻🫶💖💓💗,0,none,True,2024-12-15T02:15:43Z,2024-12-15T02:15:43Z
UCj0O6W8yDuLg3iraAXKgCrQ,3ekLEtjfDG4,@eu__M1,UCVSwtoxYDxhAaNyYOwvq9fQ,http://www.youtube.com/@eu__M1,https://yt3.ggpht.com/mG1a8ofQq_Va7EHzApkLTw79i5gT40plLDmEigyUbJLKbY0GUSX8x5ahYjP7Wj83crbyYPFE3Q=s48-c-k-c0x00ffffff-no-rj,"Nao era a maggie, mas a Lisa nos Simpsons","Nao era a maggie, mas a Lisa nos Simpsons",0,none,True,2024-12-15T02:08:32Z,2024-12-15T02:08:32Z
UCj0O6W8yDuLg3iraAXKgCrQ,3ekLEtjfDG4,@ACACIOREI,UCWFgMd_R8cQj8Ct8KfoOXJA,http://www.youtube.com/@ACACIOREI,https://yt3.ggpht.com/9-dNT-gT-vJwhNpJiItEPqC4j4eM9XVQSt38tshlkcqcZ8Txpelc8EX4clhsJhz389DpWwglQjs=s48-c-k-c0x00ffffff-no-rj,Adriannn,Adriannn,1,none,True,2024-12-14T14:15:14Z,2024-12-14T14:15:14Z
UCj0O6W8yDuLg3iraAXKgCrQ,3ekLEtjfDG4,@Cristyan_S2,UCeuPNE3hu1oUl01m8P1DGUQ,http://www.youtube.com/@Cristyan_S2,https://yt3.ggpht.com/uM72C4763DseVRxqg6eIp5KUh0rsaDjuV1npSJaKzgPgwS8qEDU-kVHYQobVigGsLiSD633djw=s48-c-k-c0x00ffffff-no-rj,Dei ontem.,Dei ontem.,2,none,True,2024-12-13T23:04:15Z,2024-12-13T23:04:15Z
UCj0O6W8yDuLg3iraAXKgCrQ,3ekLEtjfDG4,@larissacosta3406,UCiu16c0JUcxJsMsQCw5yUog,http://www.youtube.com/@larissacosta3406,https://yt3.ggpht.com/ytc/AIdro_kLk1PaFm9P9PzjjkJJbk86p3QBcOtx9TZgOQvzZttisqCx=s48-c-k-c0x00ffffff-no-rj,2:21 provavelmente essa foto é da marge bebê,2:21 provavelmente essa foto é da marge bebê,2,none,True,2024-12-13T16:13:27Z,2024-12-13T16:13:27Z
UCj0O6W8yDuLg3iraAXKgCrQ,3ekLEtjfDG4,@richarddalsotto7912,UCeFbnH502ywIXhe_anyIpog,http://www.youtube.com/@richarddalsotto7912,https://yt3.ggpht.com/ytc/AIdro_lAyCmPuPTcTtYpOA4QnUiNiel5MSi2UOypDgNoiTtaAGtGVrLt1wtS6foazk69LW0x-w=s48-c-k-c0x00ffffff-no-rj,A meg é a lisa quando pequena,A meg é a lisa quando pequena,0,none,True,2024-12-13T03:21:08Z,2024-12-13T03:21:08Z
UCj0O6W8yDuLg3iraAXKgCrQ,3ekLEtjfDG4,@GabrielOliveiraCavalcanteBitte,UCgn9TCC0uwIgl2vTktXWiPQ,http://www.youtube.com/@GabrielOliveiraCavalcanteBitte,https://yt3.ggpht.com/oiyYK3SyDHl9oXv4AbRw1z6TICvv5nhHqK1hsu3SxJQHLpaYuqTqniA3wQld5EHz_N-fwTGeRw=s48-c-k-c0x00ffffff-no-rj,Anos de uma pessoa akakakak 400 e pouco,Anos de uma pessoa akakakak 400 e pouco,0,none,True,2024-12-13T01:03:31Z,2024-12-13T01:03:31Z
UCj0O6W8yDuLg3iraAXKgCrQ,3ekLEtjfDG4,@cachorro93,UCy8pzFHgBNYfPshlOFiXDQw,http://www.youtube.com/@cachorro93,https://yt3.ggpht.com/6n1_bdoti_ZGKnfVpd8w7dsE6k4Z4G-JnXOAhOiytQt4Js4yiH4kveZgp2wiaV8qG9QQtsTYdcU=s48-c-k-c0x00ffffff-no-rj,Sou muito fan de vcs,Sou muito fan de vcs,0,none,True,2024-12-12T19:35:09Z,2024-12-12T19:35:09Z
UCj0O6W8yDuLg3iraAXKgCrQ,3ekLEtjfDG4,@AndersonPiklez,UC8vc52VYOCfeDf26IdM-APA,http://www.youtube.com/@AndersonPiklez,https://yt3.ggpht.com/xbVjL4XPlOodzCIweCzI-ywLXsPSk3DUMXMZK-gzNOF-bS0ApP2SI_LUgj91cL4bjymMxX9DLfs=s48-c-k-c0x00ffffff-no-rj,Curiosidade: alguns criminosos aqui no Brasil também têm 4 dedos.,Curiosidade: alguns criminosos aqui no Brasil também têm 4 dedos.,0,none,True,2024-12-12T16:05:04Z,2024-12-12T16:05:04Z
UCj0O6W8yDuLg3iraAXKgCrQ,3ekLEtjfDG4,@socorrodiniz93,UCzkwn2Ucnr1lOw8pOBTi5JA,http://www.youtube.com/@socorrodiniz93,https://yt3.ggpht.com/ytc/AIdro_lDU_qXtouHk_7cp0Bw6gFNhSOmPARWnrLyNKnSiHc=s48-c-k-c0x00ffffff-no-rj,Eu sei quantos anos o Bob Esponja tem ele tem 23 anos,Eu sei quantos anos o Bob Esponja tem ele tem 23 anos,0,none,True,2024-12-12T00:38:30Z,2024-12-12T00:38:30Z
UCj0O6W8yDuLg3iraAXKgCrQ,3ekLEtjfDG4,@MiguelEstanislao-s3p,UC77M6-xNLSWX4_XHuGcw-Cw,http://www.youtube.com/@MiguelEstanislao-s3p,https://yt3.ggpht.com/sWbhT7BMuwpBPenjR13uYx_NVX_eoZ-py_Udp6wlDSofPWLEjHGBfpJ_54wQph2t5Nrqj8P4vw=s48-c-k-c0x00ffffff-no-rj,Os Simpsons previram sua filha 😮,Os Simpsons previram sua filha 😮,0,none,True,2024-12-11T23:55:30Z,2024-12-11T23:55:30Z
UCj0O6W8yDuLg3iraAXKgCrQ,3ekLEtjfDG4,@DanielsonMarquesSilva-k3l,UCdty6Ikod2B4zfpkDs26_Ow,http://www.youtube.com/@DanielsonMarquesSilva-k3l,https://yt3.ggpht.com/ytc/AIdro_n6uXwQUZQrJSqgJ6ZF2m7yPyU86vA2cV06lZe_vIJ30N0POsPL-swpaX5qoZBX-P1M2A=s48-c-k-c0x00ffffff-no-rj,Essa câmera diferente mostrando,Essa câmera diferente mostrando,1,none,True,2024-12-11T23:12:49Z,2024-12-11T23:12:49Z
UCj0O6W8yDuLg3iraAXKgCrQ,3ekLEtjfDG4,@JucinairaLima,UCSJ8JMWP90Xuaa-lsPhJLbQ,http://www.youtube.com/@JucinairaLima,https://yt3.ggpht.com/ytc/AIdro_ltIu98QW9aVmbqVxBW_IQi0xR-vFgzH-Rl4Tsb2VD6G1NqCdIv6pqabuAAW4pBrhtoAw=s48-c-k-c0x00ffffff-no-rj,Cara achei mtt legal eles amostrando o estudio 😮,Cara achei mtt legal eles amostrando o estudio 😮,3,none,True,2024-12-11T11:22:34Z,2024-12-11T11:22:34Z
UCj0O6W8yDuLg3iraAXKgCrQ,3ekLEtjfDG4,@marliavieira,UCaYgolR9ko6GicWUZ448BCQ,http://www.youtube.com/@marliavieira,https://yt3.ggpht.com/foxiU6zxHvSKas2e2Wo6wD0v-8qwqkKAZLXRjwIiXKZeOLFtTRxGsUa63fSmQc6PibMUi6fRHw=s48-c-k-c0x00ffffff-no-rj,Eu amo esse canal❤,Eu amo esse canal❤,0,none,True,2024-12-09T11:50:54Z,2024-12-09T11:50:54Z
UCj0O6W8yDuLg3iraAXKgCrQ,3ekLEtjfDG4,@AnaLuizaWeber-r7t,UCRyiV6TX1wfmyzwwyLfcRsQ,http://www.youtube.com/@AnaLuizaWeber-r7t,https://yt3.ggpht.com/ytc/AIdro_k489dbUjVHiavMXCVBLGMHjuZ1MbGhFgMATRJyE25ZAk1KhQl3s6Hf7REnBDXFhbKjBA=s48-c-k-c0x00ffffff-no-rj,Esse valor pode ser o valor da chupeta Bem cara né,Esse valor pode ser o valor da chupeta Bem cara né,0,none,True,2024-12-08T22:13:07Z,2024-12-08T22:13:07Z
UCj0O6W8yDuLg3iraAXKgCrQ,3ekLEtjfDG4,@Porksarea11,UCdkW6gx8BgjD085V6y_gbzw,http://www.youtube.com/@Porksarea11,https://yt3.ggpht.com/XiUtNO_9dCgpnbRBwUrJOUW7HJvHL24yPsFHGmQH3vg2WvTfaNGqLHGjoXmb_AvvXwl94iPA=s48-c-k-c0x00ffffff-no-rj,"O quadro nao é a maggie, é a marge pequena","O quadro nao é a maggie, é a marge pequena",0,none,True,2024-12-08T21:15:45Z,2024-12-08T21:15:45Z
UCj0O6W8yDuLg3iraAXKgCrQ,3ekLEtjfDG4,@amandamendes9853,UCgdtT-GUdlhaqyqQj-Tgrpg,http://www.youtube.com/@amandamendes9853,https://yt3.ggpht.com/ytc/AIdro_lBsUfhdN0z46r7NnmUeBWe4vmjeMs6rBAlm4dztp6csCU=s48-c-k-c0x00ffffff-no-rj,E o melhor desenhos de ensinar coisas ❤❤❤❤ amo esses vídeos 😊😊😊,E o melhor desenhos de ensinar coisas ❤❤❤❤ amo esses vídeos 😊😊😊,2,none,True,2024-12-08T20:38:20Z,2024-12-08T20:38:20Z
UCj0O6W8yDuLg3iraAXKgCrQ,3ekLEtjfDG4,@ThaylanGarnica,UCp8qzDzES9c95T_anNwe13Q,http://www.youtube.com/@ThaylanGarnica,https://yt3.ggpht.com/ytc/AIdro_m8X9mT-HZG5lKIiCAJykIcmXqiL55IlVyGqWptac3ezJgf6r2Can8euNwXp4DTBFAbEw=s48-c-k-c0x00ffffff-no-rj,Faz um vídeo sobre o tiktaalik,Faz um vídeo sobre o tiktaalik,1,none,True,2024-12-08T14:23:09Z,2024-12-08T14:23:09Z
UCj0O6W8yDuLg3iraAXKgCrQ,3ekLEtjfDG4,@ibielsi,UCCnu0mv4TGwm56_Ln2FiwDQ,http://www.youtube.com/@ibielsi,https://yt3.ggpht.com/ZeMEs2fyjSvH-kIiZ5T6zKnAoVam0ugVvD4GMWRRflbLydvvrxNVOFQOisvSPH5Qiv2MS5Yyhgo=s48-c-k-c0x00ffffff-no-rj,🎉🎉🎉🎉🎉,🎉🎉🎉🎉🎉,1,none,True,2024-12-07T06:51:34Z,2024-12-07T06:51:34Z
UCj0O6W8yDuLg3iraAXKgCrQ,3ekLEtjfDG4,@QueilaNascimentoSilva-le8ky,UCUl4enlzrvVTFSnJwwEjKiw,http://www.youtube.com/@QueilaNascimentoSilva-le8ky,https://yt3.ggpht.com/ytc/AIdro_nleScrRrSsJJvbNuxu3OSwsWDdT8hwqFVa3IJcrMyAvq0sOB7787kz80xC3d3Huq6GaA=s48-c-k-c0x00ffffff-no-rj,Você Sabia?,Você Sabia?,0,none,True,2024-12-06T22:35:30Z,2024-12-06T22:35:30Z
UCj0O6W8yDuLg3iraAXKgCrQ,3ekLEtjfDG4,@ismaelgarcia7696,UCmISzC2yDAENEVLv6KVOFuA,http://www.youtube.com/@ismaelgarcia7696,https://yt3.ggpht.com/bQOYPqCDHK8-RdzlUFJeaDb9SeaEN77eGawOwQW5UXJ17P7cVhVuyim9fnNg_r6Nfy6rFdyVKg=s48-c-k-c0x00ffffff-no-rj,Meu Deus 🙏,Meu Deus 🙏,1,none,True,2024-12-06T21:18:43Z,2024-12-06T21:18:43Z
UCj0O6W8yDuLg3iraAXKgCrQ,3ekLEtjfDG4,@paulomartins3074,UC3QTzqvObhT9ixvCtigwiOg,http://www.youtube.com/@paulomartins3074,https://yt3.ggpht.com/ytc/AIdro_kWs6MD0bSk1KdmkOUxJW6iMA_nWBCZ2RLISTc023pUH-y7G0XJUN9DGZy6oFjSPt-GnA=s48-c-k-c0x00ffffff-no-rj,2:12 pôde ser a Lisa pq o lacinho é verde e ela não está de chupeta,2:12 pôde ser a Lisa pq o lacinho é verde e ela não está de chupeta,0,none,True,2024-12-06T13:40:17Z,2024-12-06T13:40:17Z
UCj0O6W8yDuLg3iraAXKgCrQ,3ekLEtjfDG4,@simonegomes1175,UCWAA5p1J_k05zxKdaoxHxzA,http://www.youtube.com/@simonegomes1175,https://yt3.ggpht.com/ytc/AIdro_mGCcO77qRAILeeq23h9y6AoVb-S6jhNjs55xh4H1JqzRtYoueMFrSC8S9Y7lZhzF6Tww=s48-c-k-c0x00ffffff-no-rj,E se não for a Meg na foto e sim a lisa?,E se não for a Meg na foto e sim a lisa?,0,none,True,2024-12-05T22:52:26Z,2024-12-05T22:52:26Z
UCj0O6W8yDuLg3iraAXKgCrQ,3ekLEtjfDG4,@PedroHenrique-c1n6y,UC7jcGINjjS1Ok7EX60l89JA,http://www.youtube.com/@PedroHenrique-c1n6y,https://yt3.ggpht.com/ytc/AIdro_kumUAO-vDqQ2LEQWnE98-Xq0zXVpU65GxPkF_IPO9-vNgWNB8GdeOI-ErUh6jDMTWOLQ=s48-c-k-c0x00ffffff-no-rj,Se isso for os anjos meu Deus do céu que medo kkk,Se isso for os anjos meu Deus do céu que medo kkk,0,none,True,2024-12-05T14:56:58Z,2024-12-05T14:56:58Z
UCj0O6W8yDuLg3iraAXKgCrQ,3ekLEtjfDG4,@NandoRlk27,UC2Zp1GLHpyt-NTtpj84LXsQ,http://www.youtube.com/@NandoRlk27,https://yt3.ggpht.com/Z2zqG-mtMmojU4oSANNlqlldtnpJy2ucdHbkRn8cDeOiugx6c2fWol5rnhtrss1KAUvcdMkl=s48-c-k-c0x00ffffff-no-rj,"Aquela lá atrás é a lisa,  não é a Maggie😂😂😂","Aquela lá atrás é a lisa,  não é a Maggie😂😂😂",5,none,True,2024-12-05T11:33:57Z,2024-12-05T11:33:57Z
UCj0O6W8yDuLg3iraAXKgCrQ,3ekLEtjfDG4,@MariaAparecida-fv2cf,UCRAH2zv53HFsSN79JXKAWlw,http://www.youtube.com/@MariaAparecida-fv2cf,https://yt3.ggpht.com/ytc/AIdro_kIB5IA6ctvzva_sdiR-wLzAe7GYZepYXonq7FFVmg1fN0SLFqcdgNA01BzkaRlSJ-oHg=s48-c-k-c0x00ffffff-no-rj,🫣🫣🫣,🫣🫣🫣,0,none,True,2024-12-05T09:51:56Z,2024-12-05T09:51:56Z
UCj0O6W8yDuLg3iraAXKgCrQ,3ekLEtjfDG4,@LeiceCarvalhoTenazor,UCo5tM3AN8LrMXPGUc0ssRLA,http://www.youtube.com/@LeiceCarvalhoTenazor,https://yt3.ggpht.com/07YRQeYfnwM4jEA-e2ofvrl_xmBSMx10jrWTS3Jzq9X1mAZJZoG4jv2zqvAZy9l6sZ9rcrpKSw=s48-c-k-c0x00ffffff-no-rj,Os minions: eu nao existo,Os minions: eu nao existo,2,none,True,2024-12-05T03:53:27Z,2024-12-05T03:53:27Z
UCj0O6W8yDuLg3iraAXKgCrQ,3ekLEtjfDG4,@guilhermetazz,UCE254BIJfQiTEg7jDGjWJfg,http://www.youtube.com/@guilhermetazz,https://yt3.ggpht.com/RsweunNp6PTWkPLS6tTWEQxCin-dwqOOH-7ngumOkCD1Q457kxu-3o-NZVnA637jJTOeSq1lYQ=s48-c-k-c0x00ffffff-no-rj,Esse da maggie nao seria a lisa mais nova ?? Kkkk,Esse da maggie nao seria a lisa mais nova ?? Kkkk,0,none,True,2024-12-04T23:56:57Z,2024-12-04T23:56:57Z
UCj0O6W8yDuLg3iraAXKgCrQ,3ekLEtjfDG4,@kedsomyt,UCeKZt-bkA68qg35H9ANT2_A,http://www.youtube.com/@kedsomyt,https://yt3.ggpht.com/hLGttLhMQyP5uXYSYn6zR00w6ZYpFoxbf33a79Sq-qdBAqUY3NuQ1qmyBM3PCjjzTuI8QnOjP7w=s48-c-k-c0x00ffffff-no-rj,Oi😅😅,Oi😅😅,1,none,True,2024-12-04T23:30:45Z,2024-12-04T23:30:45Z
UCj0O6W8yDuLg3iraAXKgCrQ,3ekLEtjfDG4,@GAMESPPSSPP2007,UCJIQhkGWcLYkGtGXE8FLUkQ,http://www.youtube.com/@GAMESPPSSPP2007,https://yt3.ggpht.com/ZkCcEsZ6TAlcI86m9cI81GUKI4khlzbpNOj9ZWRkE1KPTDS7pze3ErciisCmv2QXgfgCaHD1dg=s48-c-k-c0x00ffffff-no-rj,Desse eu não sabia...,Desse eu não sabia...,0,none,True,2024-12-04T21:35:34Z,2024-12-04T21:35:34Z
UCj0O6W8yDuLg3iraAXKgCrQ,3ekLEtjfDG4,@marllonsoares2852,UCuLpumkjhnIpwNXOcejAwUQ,http://www.youtube.com/@marllonsoares2852,https://yt3.ggpht.com/kJwWZZpz3StSqYcHhmHkWxoV8dVTRG13wG5tcewDYe8Bg3JKeBNZNznCkTxWW2g5zwqc6H5h9w=s48-c-k-c0x00ffffff-no-rj,Eu tenho e pressentimento de já ver esses vídeos antigos,Eu tenho e pressentimento de já ver esses vídeos antigos,0,none,True,2024-12-04T00:44:23Z,2024-12-04T00:44:23Z
UCj0O6W8yDuLg3iraAXKgCrQ,3ekLEtjfDG4,@Maismqis-m3d,UCQBNofToAdGH2Rzgag9Hpsw,http://www.youtube.com/@Maismqis-m3d,https://yt3.ggpht.com/ytc/AIdro_nQnix-VeJ6EdB4XIG9FFgrkb8_vpSDP2Ft1Cp8cNbPAPogyXsBLaYw96po1fV2IWNUFw=s48-c-k-c0x00ffffff-no-rj,vuce sabia k a minha maemae me bateu hj fais um vidio sobe iso,vuce sabia k a minha maemae me bateu hj fais um vidio sobe iso,0,none,True,2024-12-03T11:07:29Z,2024-12-03T11:07:29Z
UCj0O6W8yDuLg3iraAXKgCrQ,3ekLEtjfDG4,@lucasmatheusteixeira7867,UC1biPY0L8vqBC9_GdkMtOXQ,http://www.youtube.com/@lucasmatheusteixeira7867,https://yt3.ggpht.com/ytc/AIdro_ly5WHLsiLx6ER06PVTVitNPKoGPHSHGIEURSDN7iAzp_Kg=s48-c-k-c0x00ffffff-no-rj,E não falou da casa do Lula Molusco,E não falou da casa do Lula Molusco,0,none,True,2024-12-03T03:23:52Z,2024-12-03T03:23:52Z
UCj0O6W8yDuLg3iraAXKgCrQ,3ekLEtjfDG4,@DaiseFerreira-g8q,UCCoDx3yjcVV8n50oXHw8PeA,http://www.youtube.com/@DaiseFerreira-g8q,https://yt3.ggpht.com/ytc/AIdro_nkwyjNjXiTbomljA7uogixZrzODDBJARZoRWe5u8Oz1e7OolmJA7H9ZsVkbBDlarhMIg=s48-c-k-c0x00ffffff-no-rj,QUEM ganhou o Você sabia prêmios??,QUEM ganhou o Você sabia prêmios??,0,none,True,2024-12-02T22:07:05Z,2024-12-02T22:07:05Z
UCj0O6W8yDuLg3iraAXKgCrQ,3ekLEtjfDG4,@MarluciaAlves-x7x,UC0F3d718CJiEqJo89tQOKyg,http://www.youtube.com/@MarluciaAlves-x7x,https://yt3.ggpht.com/ytc/AIdro_kIQd925lZn3kNvSQBuSIvxotU3QPyWJUGr6nl8J4Bbkl1bcFpzgHabStJf-LedxUFwQA=s48-c-k-c0x00ffffff-no-rj,Amo os seus videos vey muito dá hora amo demais,Amo os seus videos vey muito dá hora amo demais,0,none,True,2024-12-02T21:22:31Z,2024-12-02T21:22:31Z
UCj0O6W8yDuLg3iraAXKgCrQ,3ekLEtjfDG4,@Ruan-ku6dl,UCq2Yg6NqGUE3yNG8moWznbQ,http://www.youtube.com/@Ruan-ku6dl,https://yt3.ggpht.com/ytc/AIdro_lkR-JPgxRZWi5_m53XMxBNTreiOg0pNoe8EghfFIM=s48-c-k-c0x00ffffff-no-rj,"Bob esponja é 14/07 e eu sou 15/07, quaaaase","Bob esponja é 14/07 e eu sou 15/07, quaaaase",0,none,True,2024-12-02T15:18:13Z,2024-12-02T15:18:13Z
UCj0O6W8yDuLg3iraAXKgCrQ,3ekLEtjfDG4,@lut3cio,UCxz6Ag_uB3If-_P5rNqNDTg,http://www.youtube.com/@lut3cio,https://yt3.ggpht.com/eSvULGIIWf0_BvbuWTQLs8Nyu8egISwi3t0FLfEmkYcTxjI-iVewfbwk8wIgV00qBLw0SdFZ=s48-c-k-c0x00ffffff-no-rj,muito eu,muito eu,1,none,True,2024-12-01T21:25:12Z,2024-12-01T21:25:12Z
UCj0O6W8yDuLg3iraAXKgCrQ,3ekLEtjfDG4,@japones_2,UCI_8tcipkL4_oPzKlImvJkw,http://www.youtube.com/@japones_2,https://yt3.ggpht.com/0rY00w1Miqp_CIsplnWc-o-2Esyos-QbPgth66BTDHy6zGtX4f7uni0F_guYGajaEyLZV2nc=s48-c-k-c0x00ffffff-no-rj,Eu sou o NEYMAR,Eu sou o NEYMAR,0,none,True,2024-12-01T15:00:55Z,2024-12-01T15:00:55Z
UCj0O6W8yDuLg3iraAXKgCrQ,3ekLEtjfDG4,@JoeliMariaRochaBenjamim,UCfdw_L5ruCzDTTov223HVXg,http://www.youtube.com/@JoeliMariaRochaBenjamim,https://yt3.ggpht.com/PW_eQJu4Q3ro07VmsXwC8Dg13VhmThPOSEDRtOf48mIOF0GAYPi-OUu5SV-2xB1DkqZp4iDdzw=s48-c-k-c0x00ffffff-no-rj,Eu sou a poew rendy rosa,Eu sou a poew rendy rosa,0,none,True,2024-12-01T12:23:39Z,2024-12-01T12:23:39Z
UCj0O6W8yDuLg3iraAXKgCrQ,3ekLEtjfDG4,@virtuaclara,UClQNRTREySo_ZsRfhdJAZ1g,http://www.youtube.com/@virtuaclara,https://yt3.ggpht.com/lh59SuPZpbRBt8-W6Wdohqbo8QFN2A18pCNIUPmnKZwCOg1ym-g76kH1XssDHhlSFtPtLCLh72I=s48-c-k-c0x00ffffff-no-rj,A foto da Meggie na parede pode ser a Lisa na verdade...,A foto da Meggie na parede pode ser a Lisa na verdade...,0,none,True,2024-12-01T02:52:31Z,2024-12-01T02:52:31Z
UCj0O6W8yDuLg3iraAXKgCrQ,3ekLEtjfDG4,@itz.iCheetos,UCXof5WDvy-ooaiLpuQOHBCw,http://www.youtube.com/@itz.iCheetos,https://yt3.ggpht.com/OWANdN8N6R4vO8CDObjOQCDBd1Qe518BX-dxpgrB90QWtZkdODYUOfsiSJ-QvYdobmvJd4UJmA=s48-c-k-c0x00ffffff-no-rj,ad de crypt tnc ein,ad de crypt tnc ein,0,none,True,2024-11-30T21:31:46Z,2024-11-30T21:31:46Z
UCj0O6W8yDuLg3iraAXKgCrQ,3ekLEtjfDG4,@QUEMSOUEU-mm6wt,UCQzppH2E0NJGJRDauZOQJlA,http://www.youtube.com/@QUEMSOUEU-mm6wt,https://yt3.ggpht.com/ytc/AIdro_nleScrRrSsJJvbNuxu3OSwsWDdT8hwqFVa3IJcrMyAvq0sOB7787kz80xC3d3Huq6GaA=s48-c-k-c0x00ffffff-no-rj,😮😢,😮😢,0,none,True,2024-11-30T18:46:05Z,2024-11-30T18:46:05Z
UCj0O6W8yDuLg3iraAXKgCrQ,3ekLEtjfDG4,@fritasbatata3739,UCEAclQFXjlS8rry_TnBfaRw,http://www.youtube.com/@fritasbatata3739,https://yt3.ggpht.com/ytc/AIdro_m-M1KQFPOifBp5bCOMzO_Da85JBvLe-zRC9JJu-8k=s48-c-k-c0x00ffffff-no-rj,0:00,0:00,0,none,True,2024-11-30T03:05:17Z,2024-11-30T03:05:17Z
UCj0O6W8yDuLg3iraAXKgCrQ,3ekLEtjfDG4,@fritasbatata3739,UCEAclQFXjlS8rry_TnBfaRw,http://www.youtube.com/@fritasbatata3739,https://yt3.ggpht.com/ytc/AIdro_m-M1KQFPOifBp5bCOMzO_Da85JBvLe-zRC9JJu-8k=s48-c-k-c0x00ffffff-no-rj,0:0,0:0,0,none,True,2024-11-30T03:05:04Z,2024-11-30T03:05:04Z
UCj0O6W8yDuLg3iraAXKgCrQ,3ekLEtjfDG4,@izaporto1078,UCchcb2z4X-n3dTbYg02K3WQ,http://www.youtube.com/@izaporto1078,https://yt3.ggpht.com/dB680bnqJ7UMGAf1qb79QQOQ0snPruASvGyh3IkWVt2Irc1J8WcqXVkAL69jqKe3gv4yTvGq=s48-c-k-c0x00ffffff-no-rj,Gente no caso da magan poderia ser a lisa bb,Gente no caso da magan poderia ser a lisa bb,0,none,True,2024-11-30T00:54:52Z,2024-11-30T00:54:52Z
UCj0O6W8yDuLg3iraAXKgCrQ,3ekLEtjfDG4,@João-edits-3xb,UCYijsm6RjBB4qCfQYHp-RKw,http://www.youtube.com/@Jo%C3%A3o-edits-3xb,https://yt3.ggpht.com/AXho75Cok1WfMeE3Mtha6pVKpyv-hvgQeYoK_FowVrua7xnKDd62MZiRNssC-XINGzW9516p=s48-c-k-c0x00ffffff-no-rj,Vídeobom,Vídeobom,1,none,True,2024-11-29T22:25:08Z,2024-11-29T22:25:08Z
UCj0O6W8yDuLg3iraAXKgCrQ,3ekLEtjfDG4,@bepaF,UCNbk3yDvxgV060owjH_tOxw,http://www.youtube.com/@bepaF,https://yt3.ggpht.com/n8gy3yPdloSoQJL9F1O-BeELwqRFRbzPbIwTETXr3cmV9-qEx5jkTZHU8hRlwjK3aF2r5C7cn40=s48-c-k-c0x00ffffff-no-rj,uhuu,uhuu,0,none,True,2024-11-29T17:02:57Z,2024-11-29T17:02:57Z
UCj0O6W8yDuLg3iraAXKgCrQ,3ekLEtjfDG4,@lukssff1497,UCgfE-v1vaKj7KGQFUTKcUgw,http://www.youtube.com/@lukssff1497,https://yt3.ggpht.com/ytc/AIdro_lKlaLpXqrPV2Yw2SYmVMgtPlihfEMWFPyJCq6ChOLlQ2I=s48-c-k-c0x00ffffff-no-rj,"top d+++++++!!!!! amei dms, meninos :)","top d+++++++!!!!! amei dms, meninos :)",0,none,True,2024-11-28T20:45:50Z,2024-11-28T20:45:50Z
UCj0O6W8yDuLg3iraAXKgCrQ,3ekLEtjfDG4,@natanff2008,UCIT8fK6CCHvJlJcfOqlU5ww,http://www.youtube.com/@natanff2008,https://yt3.ggpht.com/1OwLVs76C_esHqAnYsQH-0bi19ymlKLIKZ6h68db3jOWHbvoQYRttazKolDYmR40Og1T3W86Ew=s48-c-k-c0x00ffffff-no-rj,Alguém ei 2050,Alguém ei 2050,0,none,True,2024-11-27T18:57:24Z,2024-11-27T18:57:24Z
UCj0O6W8yDuLg3iraAXKgCrQ,3ekLEtjfDG4,@markofamosomark,UCz-5o9ZiUsv8CEnHpw5hH8Q,http://www.youtube.com/@markofamosomark,https://yt3.ggpht.com/kz7OyY1aCPtkQxibz3JyqWqwEHxv2zehbhZRbxMjaSpYQi8yf2WTyqTEN2T_oPkjaeZEAW1xBA=s48-c-k-c0x00ffffff-no-rj,E os minhos,E os minhos,1,none,True,2024-11-27T17:51:05Z,2024-11-27T17:51:05Z
UCj0O6W8yDuLg3iraAXKgCrQ,3ekLEtjfDG4,@caiofinss,UCbIzTPn9_Q9EjrGHFse2S1A,http://www.youtube.com/@caiofinss,https://yt3.ggpht.com/3Vw6h2umJiYoW4mamZizSM-QY8TRgiJxudLhGOk_3hyzYfX3xFpnGACfFqfR0G-cc_fSrTe2OA=s48-c-k-c0x00ffffff-no-rj,Mas e se o quadro foi da lisa,Mas e se o quadro foi da lisa,0,none,True,2024-11-27T17:00:27Z,2024-11-27T17:00:27Z
UCj0O6W8yDuLg3iraAXKgCrQ,3ekLEtjfDG4,@michaelgleivon2706,UCXdn5Hu_63dJQMaPQOleHvg,http://www.youtube.com/@michaelgleivon2706,https://yt3.ggpht.com/ytc/AIdro_lJGlpee_B7LxsXZ-CQnzHv7psgOIZSpSpkQCUaZiqqk4A=s48-c-k-c0x00ffffff-no-rj,5:48 acho que foi pra mostrar que Deus é superior no sentido de ser perfeito.,5:48 acho que foi pra mostrar que Deus é superior no sentido de ser perfeito.,6,none,True,2024-11-27T16:43:58Z,2024-11-27T16:44:29Z
UCj0O6W8yDuLg3iraAXKgCrQ,3ekLEtjfDG4,@JamileVictoria-d6p,UC40cPkgGv_WXgc7lKVy63Zg,http://www.youtube.com/@JamileVictoria-d6p,https://yt3.ggpht.com/ytc/AIdro_lT8Qu4LCD_pf9EwiAYpLW0gk_IeN8X9SN8VrwEe_FldWB8_Tdy3pM5DhTGCs4a8PJ_Cg=s48-c-k-c0x00ffffff-no-rj,fala sobre os alienígenas,fala sobre os alienígenas,0,none,True,2024-11-27T14:43:45Z,2024-11-27T14:43:45Z
UCj0O6W8yDuLg3iraAXKgCrQ,3ekLEtjfDG4,@FilipeJoséJoãoJoão,UCk_gBiCm0-c__tOV2MI56Wg,http://www.youtube.com/@FilipeJos%C3%A9Jo%C3%A3oJo%C3%A3o,https://yt3.ggpht.com/ytc/AIdro_nZfCLnM44mNUF7Crj4E-PgqfmlmAhJ-PV5eut_kfXa_yTwgefCrxm4i3Gyba6fyhYSEw=s48-c-k-c0x00ffffff-no-rj,As dizem que o Dani joga free fire será?,As dizem que o Dani joga free fire será?,0,none,True,2024-11-27T12:54:32Z,2024-11-27T12:54:32Z
UCj0O6W8yDuLg3iraAXKgCrQ,3ekLEtjfDG4,@sebastiaogerhardt3048,UCesrDfFMNz2vOAdVd7XS1Xw,http://www.youtube.com/@sebastiaogerhardt3048,https://yt3.ggpht.com/TLFDz_R-wJrZpU3MZj1grwHBo3xKW7JAgJWANhjK-IddlHzHu2eieHWIG-QpXE9gHwCu3A_2pQ=s48-c-k-c0x00ffffff-no-rj,Aquela pode não ser a Mag Maia sim a lisa pois as 2 duas são bem parecidas e bebe elas poderiam se idênticas 😅😅😅,Aquela pode não ser a Mag Maia sim a lisa pois as 2 duas são bem parecidas e bebe elas poderiam se idênticas 😅😅😅,0,none,True,2024-11-26T21:04:46Z,2024-11-26T21:04:46Z
UCj0O6W8yDuLg3iraAXKgCrQ,3ekLEtjfDG4,@ArthurFernandes-o4j,UCnG_AiPbC7NMSTd-fe1h34w,http://www.youtube.com/@ArthurFernandes-o4j,https://yt3.ggpht.com/ytc/AIdro_nHNmhgK4mtwlkvbYzWQNsHe7dvV4nJKisK6SmVW8O7u9Pa8T0cWxyinae9f8_eisKzEw=s48-c-k-c0x00ffffff-no-rj,Eu sei fazer a voz do Bob esponja,Eu sei fazer a voz do Bob esponja,0,none,True,2024-11-26T20:26:24Z,2024-11-26T20:26:24Z
UCj0O6W8yDuLg3iraAXKgCrQ,3ekLEtjfDG4,@michelealves9943,UCdHdk0lZLv82F_kgueGET8w,http://www.youtube.com/@michelealves9943,https://yt3.ggpht.com/ytc/AIdro_mJdfCbQBTPuo0utvA00H18KJbULrfWPkldqqP_5dM=s48-c-k-c0x00ffffff-no-rj,Não tem mais o puxa o vinheta?,Não tem mais o puxa o vinheta?,0,none,True,2024-11-26T09:34:04Z,2024-11-26T09:34:04Z
UCj0O6W8yDuLg3iraAXKgCrQ,3ekLEtjfDG4,@Kachyzepetoofficial,UCb0DaFDYiQwThTnORnD4DcQ,http://www.youtube.com/@Kachyzepetoofficial,https://yt3.ggpht.com/3Zxpya4Bfhpur14G6hNM9bkMr61lEnh3RgVqHEXguH0gh_IzdIef-DLhqdv5NV_0jOlhjDPpDQc=s48-c-k-c0x00ffffff-no-rj,Essa na foto não é a Meg essa na foto o laço é verde ela e a lisa porque são muito parecidas ❤,Essa na foto não é a Meg essa na foto o laço é verde ela e a lisa porque são muito parecidas ❤,1,none,True,2024-11-26T06:45:46Z,2024-11-26T06:45:46Z
UCj0O6W8yDuLg3iraAXKgCrQ,3ekLEtjfDG4,@Laah_Schreier,UCuOZFiPAhA9Atudj478_fVg,http://www.youtube.com/@Laah_Schreier,https://yt3.ggpht.com/AaT75sq_6VHhBLpmk7rsfdlfqtKs7ne0q0t7uN0WD6gOtyxoTjdZzwiKL7rYy5H8nNzpsmK8YQ=s48-c-k-c0x00ffffff-no-rj,talvez o bebe do quadro seja a Lisa,talvez o bebe do quadro seja a Lisa,0,none,True,2024-11-26T01:57:19Z,2024-11-26T01:57:19Z
UCj0O6W8yDuLg3iraAXKgCrQ,3ekLEtjfDG4,@geovanedossantosteixeira6948,UCBVAmuoHUX3Ou4c5ai8nttQ,http://www.youtube.com/@geovanedossantosteixeira6948,https://yt3.ggpht.com/ytc/AIdro_n5SccMBeqVBdj4hOTQ9lPrrcfJjUB3dL1axyMBcVZl1d4=s48-c-k-c0x00ffffff-no-rj,Alguém em 2019 ?,Alguém em 2019 ?,0,none,True,2024-11-26T01:12:52Z,2024-11-26T01:12:52Z
UCj0O6W8yDuLg3iraAXKgCrQ,3ekLEtjfDG4,@ganhunit,UCPlS9nABiNqF81YTZEh1FMg,http://www.youtube.com/@ganhunit,https://yt3.ggpht.com/MQjylz-82CyJWKCc_K1oDVz0ZuFyeESEW3XRWzxEvn8b1n9yKE4D0t5a1fk5Nl-Tgt59bHZl=s48-c-k-c0x00ffffff-no-rj,❤❤,❤❤,0,none,True,2024-11-25T23:39:40Z,2024-11-25T23:39:40Z
UCj0O6W8yDuLg3iraAXKgCrQ,3ekLEtjfDG4,@carla-k5x,UCZJJR9hah2WvBxQSbzL2JYA,http://www.youtube.com/@carla-k5x,https://yt3.ggpht.com/ytc/AIdro_lwCQ0_Nu8TiRYF7vW_vx66fpBe-J8yBMAp0RnLc5hBk7U2uW6R8t50hwetfOXL3fvf5Q=s48-c-k-c0x00ffffff-no-rj,e porcausa que e a irma dela,e porcausa que e a irma dela,0,none,True,2024-11-25T19:56:37Z,2024-11-25T19:56:37Z
UCj0O6W8yDuLg3iraAXKgCrQ,3ekLEtjfDG4,@Audyy_Kim,UC6H6du2CfCIV-g8CVTmJy1A,http://www.youtube.com/@Audyy_Kim,https://yt3.ggpht.com/ychohKJNpVWzePydRebYjKE2s4XYeUfiDQALPy5Tsg_EjoJrUVsg-064eQRrBf0I5hZc2MU7_w=s48-c-k-c0x00ffffff-no-rj,"Por favor, fazem um vídeo sobre os Montes Apalaches, sobre as coisas misteriosas que acontecem por lá","Por favor, fazem um vídeo sobre os Montes Apalaches, sobre as coisas misteriosas que acontecem por lá",2,none,True,2024-11-25T14:19:42Z,2024-11-25T14:19:42Z
UCj0O6W8yDuLg3iraAXKgCrQ,3ekLEtjfDG4,@vagneroliveira4441,UCld0W7-_XxoXMqXcYFoXBwA,http://www.youtube.com/@vagneroliveira4441,https://yt3.ggpht.com/ytc/AIdro_kEMqJ_W_MfnbGa-FpbjhGC_hXLpcYCfqbccSmmPj1gEVw=s48-c-k-c0x00ffffff-no-rj,"Dez segredos sobre o VC SABIA,.......ficaram ricos e ficam colocando vídeos antigos, quando o canal era bom kkkkkkk

Dps mais 9","Dez segredos sobre o VC SABIA,.......ficaram ricos e ficam colocando vídeos antigos, quando o canal era bom kkkkkkk

Dps mais 9",0,none,True,2024-11-25T04:35:47Z,2024-11-25T04:35:47Z
UCj0O6W8yDuLg3iraAXKgCrQ,3ekLEtjfDG4,@vagneroliveira4441,UCld0W7-_XxoXMqXcYFoXBwA,http://www.youtube.com/@vagneroliveira4441,https://yt3.ggpht.com/ytc/AIdro_kEMqJ_W_MfnbGa-FpbjhGC_hXLpcYCfqbccSmmPj1gEVw=s48-c-k-c0x00ffffff-no-rj,Decadência do canal kkkkk ficaram ricos .....aí colocam vídeo do início do canal,Decadência do canal kkkkk ficaram ricos .....aí colocam vídeo do início do canal,1,none,True,2024-11-25T04:31:31Z,2024-11-25T04:31:31Z
UCj0O6W8yDuLg3iraAXKgCrQ,3ekLEtjfDG4,@乇几乙-z6s,UCyMB-yo3gNstgcNQssVlbwg,http://www.youtube.com/@%E4%B9%87%E5%87%A0%E4%B9%99-z6s,https://yt3.ggpht.com/ytc/AIdro_m1aRiOIHz2eR1rhq_Sf7hG4K_r81quD-FU047VILziN-8=s48-c-k-c0x00ffffff-no-rj,A criança do quadro é a Lisa quando era bb.,A criança do quadro é a Lisa quando era bb.,1,none,True,2024-11-25T02:46:03Z,2024-11-25T02:46:23Z
UCj0O6W8yDuLg3iraAXKgCrQ,3ekLEtjfDG4,@Star_moon2233,UCNtETQBZ3rfGozCwKSp4b-Q,http://www.youtube.com/@Star_moon2233,https://yt3.ggpht.com/FB71H6bjwWMuxS7FVJNr74-uagTcvB03Xj5LziLfLYDUteegG4EWC6TxTBJB2pbSjhlc7oi-sA=s48-c-k-c0x00ffffff-no-rj,"O dia no aniversário do Bob esponja é quase o meu Olha 
14/07/2013 conencidencia acho que não","O dia no aniversário do Bob esponja é quase o meu Olha 
14/07/2013 conencidencia acho que não",0,none,True,2024-11-25T01:30:00Z,2024-11-25T01:30:00Z
UCj0O6W8yDuLg3iraAXKgCrQ,3ekLEtjfDG4,@joaopedromatias2720,UCc6KRl1U_bhAZPTe6xGOG8Q,http://www.youtube.com/@joaopedromatias2720,https://yt3.ggpht.com/ytc/AIdro_kGf5N9PWZL5tTAP-Ep-vxHW2WgzJjqb013jjB8Tn5smhBu=s48-c-k-c0x00ffffff-no-rj,"O quadro da maggie pode falar que era a lisa quando criança, simples","O quadro da maggie pode falar que era a lisa quando criança, simples",15,none,True,2024-11-25T01:09:00Z,2024-11-25T01:09:00Z
UCj0O6W8yDuLg3iraAXKgCrQ,3ekLEtjfDG4,@rogerionaves-r4s,UCa-Aw2bswPJ-uTwe2c8F8Jg,http://www.youtube.com/@rogerionaves-r4s,https://yt3.ggpht.com/ytc/AIdro_nN4QYR0RpmAPgq80DWnJobiHw20VjRY9Km-L1t8gy3XEXI=s48-c-k-c0x00ffffff-no-rj,Eu pensava que estava calculando a chupeta da Megue,Eu pensava que estava calculando a chupeta da Megue,3,none,True,2024-11-25T00:24:57Z,2024-11-25T00:24:57Z
UCj0O6W8yDuLg3iraAXKgCrQ,3ekLEtjfDG4,@wevertonsantos1511,UCJsqnPOhSw_8P2wky-pOh5Q,http://www.youtube.com/@wevertonsantos1511,https://yt3.ggpht.com/ytc/AIdro_mJ2j1EbG1vhL0I9cJHhYhcVh7RxqWJ6NNDSY4k4nk=s48-c-k-c0x00ffffff-no-rj,Tá explicado o pq do lula ter só 4 dedo em um mão,Tá explicado o pq do lula ter só 4 dedo em um mão,0,none,True,2024-11-25T00:23:01Z,2024-11-25T00:23:01Z
UCj0O6W8yDuLg3iraAXKgCrQ,3ekLEtjfDG4,@isabelapellegrini6886,UCeytFJkj7ZVSw3pk6D1pynA,http://www.youtube.com/@isabelapellegrini6886,https://yt3.ggpht.com/ytc/AIdro_ltMIxmfcgDEKHA1HakGHgDy6eroO1lJlWVJlm7mEWjVLE=s48-c-k-c0x00ffffff-no-rj,Eu nunca vi esse desenho aívocê,Eu nunca vi esse desenho aívocê,0,none,True,2024-11-24T21:16:50Z,2024-11-24T21:16:50Z
UCj0O6W8yDuLg3iraAXKgCrQ,3ekLEtjfDG4,@isabelapellegrini6886,UCeytFJkj7ZVSw3pk6D1pynA,http://www.youtube.com/@isabelapellegrini6886,https://yt3.ggpht.com/ytc/AIdro_ltMIxmfcgDEKHA1HakGHgDy6eroO1lJlWVJlm7mEWjVLE=s48-c-k-c0x00ffffff-no-rj,Por que teve um número eu não sei de quem foi essa ideia louca,Por que teve um número eu não sei de quem foi essa ideia louca,0,none,True,2024-11-24T21:15:32Z,2024-11-24T21:15:32Z
UCj0O6W8yDuLg3iraAXKgCrQ,3ekLEtjfDG4,@isabelapellegrini6886,UCeytFJkj7ZVSw3pk6D1pynA,http://www.youtube.com/@isabelapellegrini6886,https://yt3.ggpht.com/ytc/AIdro_ltMIxmfcgDEKHA1HakGHgDy6eroO1lJlWVJlm7mEWjVLE=s48-c-k-c0x00ffffff-no-rj,Como é que teve essa coisa de desenho aí,Como é que teve essa coisa de desenho aí,0,none,True,2024-11-24T21:14:15Z,2024-11-24T21:14:15Z
UCj0O6W8yDuLg3iraAXKgCrQ,3ekLEtjfDG4,@swat_samael_,UCDuk1xn6TboS9602l6XPDpA,http://www.youtube.com/@swat_samael_,https://yt3.ggpht.com/sq78vjyelXZ4y-RxYvelgRvG2cbrAggrNX5769lr62bqfcAuPwy6wfUAcVRF3N9eott7T3UFFQ=s48-c-k-c0x00ffffff-no-rj,6:06  ENTÃO O NOSSO PRESIDENTE JÁ FOI JAPONÊS?🤔...,6:06  ENTÃO O NOSSO PRESIDENTE JÁ FOI JAPONÊS?🤔...,0,none,True,2024-11-24T20:26:30Z,2024-11-24T20:26:30Z
UCj0O6W8yDuLg3iraAXKgCrQ,3ekLEtjfDG4,@ADDICTIVE_TRAP,UChQuaRttachJpkUCSQHoPRA,http://www.youtube.com/@ADDICTIVE_TRAP,https://yt3.ggpht.com/dD9mHxuyypIFwwgYbVHyQoXTY4z3OcKcllsjo0-N6qkCl_b-5BLQGYSIsjP_u4Cs1PkMcoVE0w=s48-c-k-c0x00ffffff-no-rj,Os simpsons  é tão cabuloso que preveu até a imagem da filha no próprio desenho kkkkkk,Os simpsons  é tão cabuloso que preveu até a imagem da filha no próprio desenho kkkkkk,4,none,True,2024-11-24T19:06:35Z,2024-11-24T19:06:35Z
UCj0O6W8yDuLg3iraAXKgCrQ,3ekLEtjfDG4,@LeonardoGabriel.R.S,UCAdjvYpiues1QnZQxkHyq_A,http://www.youtube.com/@LeonardoGabriel.R.S,https://yt3.ggpht.com/ytc/AIdro_mHABxys7o5BOumMvW-CcSaJcTwNat-vFvWX1bRKzwOsvGYa84=s48-c-k-c0x00ffffff-no-rj,Os minios são amarelos,Os minios são amarelos,0,none,True,2024-11-24T16:18:33Z,2024-11-24T16:18:33Z
UCj0O6W8yDuLg3iraAXKgCrQ,3ekLEtjfDG4,@elvisjonatandossantosjonat1775,UCs7r8Io_BHWCeDAyEH1A9CQ,http://www.youtube.com/@elvisjonatandossantosjonat1775,https://yt3.ggpht.com/ytc/AIdro_mKYjRvvVvX_q249ZRIv7BgGgPmEoD2nckLVvG4Uo5rQou0=s48-c-k-c0x00ffffff-no-rj,Eu que n,Eu que n,0,none,True,2024-11-24T15:04:55Z,2024-11-24T15:04:55Z
UCj0O6W8yDuLg3iraAXKgCrQ,3ekLEtjfDG4,@wellingtongouveia2750,UCbIiR2TU3a2JziSgZCwlBDQ,http://www.youtube.com/@wellingtongouveia2750,https://yt3.ggpht.com/ytc/AIdro_kHQUHwIcu8rxfCHPy1en4N734_P22EtrZgcTcOrD_Y-A=s48-c-k-c0x00ffffff-no-rj,vocês são os melhores brasileiros da vida ❤️,vocês são os melhores brasileiros da vida ❤️,2,none,True,2024-11-24T12:08:01Z,2024-11-24T12:08:01Z
UCj0O6W8yDuLg3iraAXKgCrQ,3ekLEtjfDG4,@PINTOCABELUD,UCQAHf-oFhdt2mbMGVSQb41A,http://www.youtube.com/@PINTOCABELUD,https://yt3.ggpht.com/9YDV5GzolUg9zwG4u9lsaIq4vf4IAllEMxGzYOVIWweapzRpezoHtxz_HgeL7N2rwh4c5jSoEw=s48-c-k-c0x00ffffff-no-rj,Bem que eu percebi que o Lula molusco era Sigma,Bem que eu percebi que o Lula molusco era Sigma,0,none,True,2024-11-24T11:28:27Z,2024-11-24T11:28:27Z
UCj0O6W8yDuLg3iraAXKgCrQ,3ekLEtjfDG4,@RobertoMello-h8u,UCwqeeMza-A_tDC1gJ_dlqwQ,http://www.youtube.com/@RobertoMello-h8u,https://yt3.ggpht.com/ytc/AIdro_nda3NuW4HXFz11TFja6elUTDgEB9wuwjLWBcCho3VqWai3G3DxOL09_d1cje349l3kKw=s48-c-k-c0x00ffffff-no-rj,O quadro não é da magiie sim da lisa que são idênticas,O quadro não é da magiie sim da lisa que são idênticas,0,none,True,2024-11-24T06:24:06Z,2024-11-24T06:24:06Z
UCj0O6W8yDuLg3iraAXKgCrQ,3ekLEtjfDG4,@ademilsonbucher8692,UC3sUtK3p_8btGuFCeS7auHQ,http://www.youtube.com/@ademilsonbucher8692,https://yt3.ggpht.com/I02poq0w0C12OoUneMnerYDgkLEzRjBLXEMeClL8MIpG1p19lVQIHsUsLgulw2epAAp__pIxwQ=s48-c-k-c0x00ffffff-no-rj,Na verdade não é a mag e sim a lisa! A  Mag tem o laço azul lisa usava verde,Na verdade não é a mag e sim a lisa! A  Mag tem o laço azul lisa usava verde,0,none,True,2024-11-24T02:45:27Z,2024-11-24T02:45:27Z
UCj0O6W8yDuLg3iraAXKgCrQ,3ekLEtjfDG4,@padrin_west,UCo-Q7kCC7g8pfRJHDh9alDA,http://www.youtube.com/@padrin_west,https://yt3.ggpht.com/gmiKnfhr2eE4cIoDkkNvQRhu37p6K216JhYgmGLeDp4GtqwbqCaDHzkRoSpxe5cEEf-ds11v=s48-c-k-c0x00ffffff-no-rj,"Eu sou padrin rei do raggae,eu realmente sou o padrinho mágico","Eu sou padrin rei do raggae,eu realmente sou o padrinho mágico",0,none,True,2024-11-24T01:39:04Z,2024-11-24T01:39:04Z
UCj0O6W8yDuLg3iraAXKgCrQ,3ekLEtjfDG4,@clara-g3t,UCWe4Yl8DdWmLuEl1s2MIa3Q,http://www.youtube.com/@clara-g3t,https://yt3.ggpht.com/o2G3dFDem4MjGxqCrppWtpPVJJhgnpFAMYG6PKDtXo-ZeogNbGCGVFtLF0qW855IqI6lu-_qgw=s48-c-k-c0x00ffffff-no-rj,Pode ser a foto da lisa,Pode ser a foto da lisa,0,none,True,2024-11-23T22:13:10Z,2024-11-23T22:13:10Z
UCj0O6W8yDuLg3iraAXKgCrQ,3ekLEtjfDG4,@jacksondiaz6796,UCMFjDmVtJbi9xF-a-6cl9pw,http://www.youtube.com/@jacksondiaz6796,https://yt3.ggpht.com/ytc/AIdro_lPgquDTWxBcGV3MHx_qnMlYDEuHgDC7rRaHczG9niCL_o=s48-c-k-c0x00ffffff-no-rj,Nada disso os Simpsons já estavam prevendo o nascimento da maggie kkk,Nada disso os Simpsons já estavam prevendo o nascimento da maggie kkk,2,none,True,2024-11-23T22:11:56Z,2024-11-23T22:11:56Z
UCj0O6W8yDuLg3iraAXKgCrQ,3ekLEtjfDG4,@samantacollor1997,UCs47cunrVMlNiHDj6Skd4lg,http://www.youtube.com/@samantacollor1997,https://yt3.ggpht.com/Igmplu_HQDn0klJNjKbMBP0lCebTQpC_c0wOzjisiakbjqRkztKZPCjrSpFH5flfI-FrShEDj7s=s48-c-k-c0x00ffffff-no-rj,❤,❤,0,none,True,2024-11-23T19:51:57Z,2024-11-23T19:51:57Z
UCj0O6W8yDuLg3iraAXKgCrQ,3ekLEtjfDG4,@BaencaPkxd,UC44zgrFBCwX3ceODKnJUmCw,http://www.youtube.com/@BaencaPkxd,https://yt3.ggpht.com/ykOgPzRhZmcVuJu55kPElSIQjbXWV1-hnku6HXoLzKvps_ioQV5jD5jAtkKDo5TJm0kcNKtfOQ=s48-c-k-c0x00ffffff-no-rj,Amei o vídeo amo o vídeo de vcs! :D,Amei o vídeo amo o vídeo de vcs! :D,2,none,True,2024-11-23T19:37:41Z,2024-11-23T19:37:41Z
UCj0O6W8yDuLg3iraAXKgCrQ,3ekLEtjfDG4,@RafaelSantos-zl1qg,UCr7PRcuwhfn8JXNbVLkyF9w,http://www.youtube.com/@RafaelSantos-zl1qg,https://yt3.ggpht.com/ytc/AIdro_nY6mSO0d5M_ALCWflD8SmMd1pkVMtkgRCZQYywCfI=s48-c-k-c0x00ffffff-no-rj,"N é a Meg, é a lisa bebê","N é a Meg, é a lisa bebê",0,none,True,2024-11-23T15:49:29Z,2024-11-23T15:49:29Z
UCj0O6W8yDuLg3iraAXKgCrQ,3ekLEtjfDG4,@markosfigueredo3752,UCBNX691wtPKg15Bz5ssQnug,http://www.youtube.com/@markosfigueredo3752,https://yt3.ggpht.com/ytc/AIdro_kT5KSV23QhheIR_vlr7J51HBYnKrR5IxklAGuFi0m9nTFe=s48-c-k-c0x00ffffff-no-rj,"a foto no quadro pode ser da lisa , da pra perceber a semelhança entre as duas","a foto no quadro pode ser da lisa , da pra perceber a semelhança entre as duas",0,none,True,2024-11-23T12:17:24Z,2024-11-23T12:17:24Z
UCj0O6W8yDuLg3iraAXKgCrQ,3ekLEtjfDG4,@vitormatos5437,UCuDJ0UFuWQwOI72GzZFhLcw,http://www.youtube.com/@vitormatos5437,https://yt3.ggpht.com/ytc/AIdro_noE3PRCC4UDFO5S4FlPBsETt1RgMzkpKAfT0GlQCk=s48-c-k-c0x00ffffff-no-rj,não e a Meg no quadro EA lisa bebe as duas são iguais mesmo cabelo,não e a Meg no quadro EA lisa bebe as duas são iguais mesmo cabelo,0,none,True,2024-11-23T11:03:22Z,2024-11-23T11:03:22Z
UCj0O6W8yDuLg3iraAXKgCrQ,3ekLEtjfDG4,@willis2956,UCsoS46XyaZOzy4BUDZTRYZg,http://www.youtube.com/@willis2956,https://yt3.ggpht.com/ytc/AIdro_m-31yOyap54da8D58e9_e9B_U05zEXxInRYrA3UMQ=s48-c-k-c0x00ffffff-no-rj,"A forma que eles usam essa câmera que pega todo o estúdio me incomoda.
Parece meio amador. Dá um pouco de vergonha alheia.","A forma que eles usam essa câmera que pega todo o estúdio me incomoda.
Parece meio amador. Dá um pouco de vergonha alheia.",0,none,True,2024-11-23T09:50:02Z,2024-11-23T09:50:02Z
UCj0O6W8yDuLg3iraAXKgCrQ,3ekLEtjfDG4,@JoaoPedro-qq2lc,UCtDPwgz9_SiSySkaeesmhAQ,http://www.youtube.com/@JoaoPedro-qq2lc,https://yt3.ggpht.com/ytc/AIdro_ltG5Vixvi3d0Yh00mrIlUB2on93_zWY8hkMojmBpX9mvBiNJjt4vNgL5Rn8XCPf9bnFg=s48-c-k-c0x00ffffff-no-rj,Dani molo tava rachando kkk,Dani molo tava rachando kkk,4,none,True,2024-11-23T07:06:49Z,2024-11-23T07:06:49Z
UCj0O6W8yDuLg3iraAXKgCrQ,3ekLEtjfDG4,@Ô_bernardo_neto77,UCxDEIwMGzCqFYpSIDd79hwA,http://www.youtube.com/@%C3%94_bernardo_neto77,https://yt3.ggpht.com/ytc/AIdro_lFeCrUS0Tp-X5w6bHM8ESylcld6MmShuCA9B-nICs0aA=s48-c-k-c0x00ffffff-no-rj,Podia ser a liza ne kkk ow a Megue msm,Podia ser a liza ne kkk ow a Megue msm,2,none,True,2024-11-23T03:53:20Z,2024-11-23T03:53:20Z
UCj0O6W8yDuLg3iraAXKgCrQ,3ekLEtjfDG4,@Joséhenrique-r4z,UC51rVur4CA6C3ivTzXh31TA,http://www.youtube.com/@Jos%C3%A9henrique-r4z,https://yt3.ggpht.com/4epbDEOe9XKVzjP6UUX5X7VNYPU10cqjeklRekC1eC8uSvqf5K18ay0TZxuD_I7c-lQc4AsS=s48-c-k-c0x00ffffff-no-rj,Pf para de fazer esss transição de câmera e muito chato e não  dá tontura,Pf para de fazer esss transição de câmera e muito chato e não  dá tontura,0,none,True,2024-11-23T03:52:23Z,2024-11-23T03:52:23Z
UCj0O6W8yDuLg3iraAXKgCrQ,3ekLEtjfDG4,@NatanCassiano,UCi54sQrgUU0Jhk_iW3gzjFg,http://www.youtube.com/@NatanCassiano,https://yt3.ggpht.com/ytc/AIdro_n1AsyavQYEI3qRDqVVBubEzG0-pbd3yT7FKNoPWU9gukg=s48-c-k-c0x00ffffff-no-rj,"Era a Lisa, simples.","Era a Lisa, simples.",0,none,True,2024-11-23T03:43:35Z,2024-11-23T03:43:35Z
UCj0O6W8yDuLg3iraAXKgCrQ,3ekLEtjfDG4,@lorivalpassos-zh6qq,UCGrmkKdP8IuKJU91rRa27lA,http://www.youtube.com/@lorivalpassos-zh6qq,https://yt3.ggpht.com/ytc/AIdro_kBZyti_EdG7Z2tPURAhtvZcDEoq73Vm0cSpJGX4RcB-exQUY_LOdwIilGHZgafdKmRUA=s48-c-k-c0x00ffffff-no-rj,Alguém de 2034,Alguém de 2034,0,none,True,2024-11-23T02:11:14Z,2024-11-23T02:11:14Z
UCj0O6W8yDuLg3iraAXKgCrQ,3ekLEtjfDG4,@nancclk8932,UCS-NUUr4BqPhE3E1ob0cZEw,http://www.youtube.com/@nancclk8932,https://yt3.ggpht.com/bEhxec0g92zQtdb4LOuArSpmug12EbL4XwnYCWKoyCjLnk7wbzosd4JaE-PbeMkI_kph5F2MNw=s48-c-k-c0x00ffffff-no-rj,"nossa, fazia um tempinho que nao assistia vídeo deles, que nostalgia ❤","nossa, fazia um tempinho que nao assistia vídeo deles, que nostalgia ❤",0,none,True,2024-11-23T02:00:15Z,2024-11-23T02:00:15Z
UCj0O6W8yDuLg3iraAXKgCrQ,3ekLEtjfDG4,@enzoRafael-r4r,UC-OpP2WoWihWielLQhJn-gw,http://www.youtube.com/@enzoRafael-r4r,https://yt3.ggpht.com/ytc/AIdro_lLLC6w4vYwPscfJEYx7rO4hiLHAZN6pjenyqe0Gt5Foewq1wsvoK6y6RPIFdiJIGSwog=s48-c-k-c0x00ffffff-no-rj,Dani verdade que você já jogou num time de free fire que se chama Magic squad e ganhou um mundial?,Dani verdade que você já jogou num time de free fire que se chama Magic squad e ganhou um mundial?,0,none,True,2024-11-23T00:58:47Z,2024-11-23T00:58:47Z
UCj0O6W8yDuLg3iraAXKgCrQ,3ekLEtjfDG4,@doncorleone13,UCsUVwCS-aobRO9RPK12GETA,http://www.youtube.com/@doncorleone13,https://yt3.ggpht.com/0g-yCnwuJ5i8dvzvfjHyxhtkk9icG3zmGILOimbB2pCy_sZOk4ys2DrSkoBBfSq55cSQ7xti=s48-c-k-c0x00ffffff-no-rj,"Bommm vídeoooo
Podem trzr + desse tipo 
❤😊","Bommm vídeoooo
Podem trzr + desse tipo 
❤😊",2,none,True,2024-11-22T23:47:54Z,2024-11-22T23:47:54Z
UCj0O6W8yDuLg3iraAXKgCrQ,3ekLEtjfDG4,@JUNIORPROFISSA,UCtAQSbsN3owkvUiiucMe5LA,http://www.youtube.com/@JUNIORPROFISSA,https://yt3.ggpht.com/BPKyz52wIOFQ-Ew141jsn9wf5-LK5Ck6AxdtSGtB2X_FJU6R_Xbmlh-dpoHdpc-EmdnQt18gyfA=s48-c-k-c0x00ffffff-no-rj,Pra anjos eles são bem bizarro,Pra anjos eles são bem bizarro,1,none,True,2024-11-22T23:27:18Z,2024-11-22T23:27:18Z
UCj0O6W8yDuLg3iraAXKgCrQ,3ekLEtjfDG4,@davidalves9399,UCyD_IYR-YcTfykyJJGBeyJA,http://www.youtube.com/@davidalves9399,https://yt3.ggpht.com/ytc/AIdro_l0DUdxEX21czSNEjPg1WmEDvygJXSACsjzmY6GjcN4gWcRDE3X6Anb70DtjYOUCRa2CA=s48-c-k-c0x00ffffff-no-rj,A foto é da.lisa que é cara da megui,A foto é da.lisa que é cara da megui,0,none,True,2024-11-22T22:36:05Z,2024-11-22T22:36:05Z
UCj0O6W8yDuLg3iraAXKgCrQ,3ekLEtjfDG4,@felipemartins4784,UCw-c8_-rJUbf5kfqi7fKngg,http://www.youtube.com/@felipemartins4784,https://yt3.ggpht.com/3Xsccxuh-6krSn6BCVfNbeR6ZU7OEg1IhCgaCwjEKEzhTWI1cxBjIEpMVSYrQarrdZEgHRx-hg=s48-c-k-c0x00ffffff-no-rj,No quadro pode ser a lisa e não a megue,No quadro pode ser a lisa e não a megue,0,none,True,2024-11-22T20:30:00Z,2024-11-22T20:30:00Z
UCj0O6W8yDuLg3iraAXKgCrQ,3ekLEtjfDG4,@nicolasjulianett3681,UCThf_Xq2-tcSxNuBNwtLKvg,http://www.youtube.com/@nicolasjulianett3681,https://yt3.ggpht.com/XFqcNVnQVvdstATl9aILyjB-MgAETq8LG_3M1UJC3ZCxHnjM9CGfEKn4aOt7h_eXfI1OTD1Z-w=s48-c-k-c0x00ffffff-no-rj,Só eu acho que eles não é ser humano😮,Só eu acho que eles não é ser humano😮,0,none,True,2024-11-22T17:35:10Z,2024-11-22T17:35:10Z
UCj0O6W8yDuLg3iraAXKgCrQ,3ekLEtjfDG4,@JaneteChivina,UCnGbvTXtbHSkWxiHcJn4-Uw,http://www.youtube.com/@JaneteChivina,https://yt3.ggpht.com/ytc/AIdro_nQWtDjnkGaIYmOsk65bxLAmt6sDD9KGCnr9j4CzKha7Ht707dqW4PbsI-coFFXsWHIFA=s48-c-k-c0x00ffffff-no-rj,🎉,🎉,0,none,True,2024-11-22T14:58:37Z,2024-11-22T14:58:37Z
UCj0O6W8yDuLg3iraAXKgCrQ,3ekLEtjfDG4,@chineszoeiro,UCXCE_DhwHhipXxeFo42jONg,http://www.youtube.com/@chineszoeiro,https://yt3.ggpht.com/RJu34e-OTRggQ3zu1787VQH6qR2c6wMrzc1OhvAWZxFmTjLlRK2F8xyCQdQesZOL_YQ1IPB5Vw=s48-c-k-c0x00ffffff-no-rj,na foto nao era Maggy era a Lisa bebe,na foto nao era Maggy era a Lisa bebe,0,none,True,2024-11-22T14:47:56Z,2024-11-22T14:47:56Z
UCj0O6W8yDuLg3iraAXKgCrQ,3ekLEtjfDG4,@RodrigoSilva-f6j,UCdAP6GwKLuML_Pa6crXHRPQ,http://www.youtube.com/@RodrigoSilva-f6j,https://yt3.ggpht.com/ytc/AIdro_lkDhfR4IQoQOti0IosPsSAEqhLLgtyGqmMmRGIpKBIdhtOTK_iy1Z_GU0MKBc9sh8dlA=s48-c-k-c0x00ffffff-no-rj,Faz sobre Mr Picklesss,Faz sobre Mr Picklesss,0,none,True,2024-11-22T08:20:57Z,2024-11-22T08:20:57Z
UCj0O6W8yDuLg3iraAXKgCrQ,3ekLEtjfDG4,@tonyricch5595,UCb1djRYoYVoASzOfKQnGe7g,http://www.youtube.com/@tonyricch5595,https://yt3.ggpht.com/s0QOFhdYybc2kc8LwRsxrlkbdPVZCZrxEaNtX_0Hkr0m7Ocu75KLCxhmV6cO_8OalYA0qLPBoWc=s48-c-k-c0x00ffffff-no-rj,O rick nao é o morty mas ele nao é o avo original do morty ele nunca teve um neto,O rick nao é o morty mas ele nao é o avo original do morty ele nunca teve um neto,0,none,True,2024-11-22T06:36:27Z,2024-11-22T06:36:27Z
UCj0O6W8yDuLg3iraAXKgCrQ,3ekLEtjfDG4,@sidneygsilva4650,UC6tDNco4T0nB_veqgJZ5qAA,http://www.youtube.com/@sidneygsilva4650,https://yt3.ggpht.com/ytc/AIdro_lVamD2WkZVj23Y1g-bxL63_2NvCx5LCPLGOhPJELFw8P0=s48-c-k-c0x00ffffff-no-rj,8:53 tbm tem outra versão la final da sala  de camisa amarela,8:53 tbm tem outra versão la final da sala  de camisa amarela,4,none,True,2024-11-22T04:59:31Z,2024-11-22T04:59:31Z
UCj0O6W8yDuLg3iraAXKgCrQ,3ekLEtjfDG4,@CortesdoMomentoOficial,UC9kQgJ81K0K1XhUZJUivX4w,http://www.youtube.com/@CortesdoMomentoOficial,https://yt3.ggpht.com/NokHh1ILnfm_yP0BGIhJbucRsLsEZZ9oP2E6yBK0yluqvlFf6wPjMmTBE1aq7iS8hPA5x6uHjA=s48-c-k-c0x00ffffff-no-rj,"Na vdd a cor amarela chama desejo e vermelho atrai a fome ,por isso o mc Donald usa amarelo e vermelho","Na vdd a cor amarela chama desejo e vermelho atrai a fome ,por isso o mc Donald usa amarelo e vermelho",0,none,True,2024-11-22T04:49:20Z,2024-11-22T04:49:20Z
UCj0O6W8yDuLg3iraAXKgCrQ,3ekLEtjfDG4,@joy_0706,UC3c5gqASIQ2RX1Eb-ipWaXQ,http://www.youtube.com/@joy_0706,https://yt3.ggpht.com/CrV1CvSfe_5cgIQDo2kdf4zrNnc-_ALei5n3dB094bnFeaGgHAjInOPtxCFM_RR0ExPp_iGBGA=s48-c-k-c0x00ffffff-no-rj,"Nao acredito que nao tem mais o ""puxa vinheta"" 😢","Nao acredito que nao tem mais o ""puxa vinheta"" 😢",0,none,True,2024-11-22T02:53:23Z,2024-11-22T02:53:23Z
UCj0O6W8yDuLg3iraAXKgCrQ,3ekLEtjfDG4,@JoaoBatist100,UCMyrpMmc7mHcCEPwuU1wA7g,http://www.youtube.com/@JoaoBatist100,https://yt3.ggpht.com/3Ed9Ztf5rG6xIY0hxVl7bBYmiriGfTnr-myNo4WwyUnyCIEx1QCkxDo6dHqg0KisIwX14iWc4Q=s48-c-k-c0x00ffffff-no-rj,"O Bob Esponja tem a mesma idade que eu, nasceu um mês depois dahhhhhhhhh...😂😂😂","O Bob Esponja tem a mesma idade que eu, nasceu um mês depois dahhhhhhhhh...😂😂😂",1,none,True,2024-11-22T01:06:53Z,2024-11-22T01:06:53Z
UCj0O6W8yDuLg3iraAXKgCrQ,3ekLEtjfDG4,@CharlesPereira18,UCpHX6Np5ofh2jgJBsM-E5uw,http://www.youtube.com/@CharlesPereira18,https://yt3.ggpht.com/9oVsEIBQFXq8IuPuRo1pjNSv167BPA2BBj74zsI9JrGzbMW0F7BqnPNexbYpadsqh1EH_kCTxA=s48-c-k-c0x00ffffff-no-rj,Patrick e kurilin tem algo em comum não tem nariz,Patrick e kurilin tem algo em comum não tem nariz,0,none,True,2024-11-22T01:04:09Z,2024-11-22T01:04:09Z
UCj0O6W8yDuLg3iraAXKgCrQ,3ekLEtjfDG4,@Mabii.eu0,UCaS_cQZvfha8I2otEshNaGA,http://www.youtube.com/@Mabii.eu0,https://yt3.ggpht.com/ydE54fcLR43e4oh_5qyByaWp0vNTTlEL_5M_OMs-6W1fZ9nxxyRv6MKjIhcP244XW_jUnh9a1AU=s48-c-k-c0x00ffffff-no-rj,Eles não ficam feios nunca 😂😂❤❤❤,Eles não ficam feios nunca 😂😂❤❤❤,2,none,True,2024-11-22T00:35:36Z,2024-11-22T00:35:36Z
UCj0O6W8yDuLg3iraAXKgCrQ,3ekLEtjfDG4,@goretearaujo1627,UC_pqH8S01P8E3Fg1bfBza3w,http://www.youtube.com/@goretearaujo1627,https://yt3.ggpht.com/mhG2bFM71e4p_7NEeyMc_epahxcXNtdO2iYXkHvNs1V5i_S9G1e5JLIXqOfpHG0GuZDQY5-y=s48-c-k-c0x00ffffff-no-rj,Eu amo o trabalho de vcs. Aprendo muito,Eu amo o trabalho de vcs. Aprendo muito,2,none,True,2024-11-21T23:41:09Z,2024-11-21T23:41:09Z
UCj0O6W8yDuLg3iraAXKgCrQ,3ekLEtjfDG4,@Leosantos-e7v,UCGxgz58JsSh5hwsG_u_i7qg,http://www.youtube.com/@Leosantos-e7v,https://yt3.ggpht.com/ytc/AIdro_m0TWGDJ1pPXYKd1OWZSHyNjjQEhHTuPiVpVP_rKDXXx93mplIIvtbIMrbtzIhsrc4YVA=s48-c-k-c0x00ffffff-no-rj,Essa thumbnail fake ?,Essa thumbnail fake ?,2,none,True,2024-11-21T23:28:14Z,2024-11-21T23:28:14Z
UCj0O6W8yDuLg3iraAXKgCrQ,3ekLEtjfDG4,@chinesmc,UCC2xS3vFuBEwIesmD1OmJaA,http://www.youtube.com/@chinesmc,https://yt3.ggpht.com/ytc/AIdro_muMPHM1B310_Hx0KL4zflLTqo-S2-gC84gQc-vS2y72A=s48-c-k-c0x00ffffff-no-rj,No quadro não é a Meguie e sim a Lisa bocaberta.,No quadro não é a Meguie e sim a Lisa bocaberta.,0,none,True,2024-11-21T23:01:41Z,2024-11-21T23:01:41Z
UCj0O6W8yDuLg3iraAXKgCrQ,3ekLEtjfDG4,@JudithMiguelDith,UCxfvqD1-s4QGQSL7NAWtTOw,http://www.youtube.com/@JudithMiguelDith,https://yt3.ggpht.com/ytc/AIdro_ktf9w-_Y-Ykk2WaCOrvRvto-DqwRfZrCwkWm-etOgO-lhcHcpTYkUtyPAuK6d42C4TAw=s48-c-k-c0x00ffffff-no-rj,Gostei,Gostei,0,none,True,2024-11-21T22:57:29Z,2024-11-21T22:57:29Z
UCj0O6W8yDuLg3iraAXKgCrQ,3ekLEtjfDG4,@Leosantos-e7v,UCGxgz58JsSh5hwsG_u_i7qg,http://www.youtube.com/@Leosantos-e7v,https://yt3.ggpht.com/ytc/AIdro_m0TWGDJ1pPXYKd1OWZSHyNjjQEhHTuPiVpVP_rKDXXx93mplIIvtbIMrbtzIhsrc4YVA=s48-c-k-c0x00ffffff-no-rj,Salve vc sabia tudo bem quando vai sair videos de dinossauros ?,Salve vc sabia tudo bem quando vai sair videos de dinossauros ?,1,none,True,2024-11-21T22:33:39Z,2024-11-21T22:33:39Z
UCj0O6W8yDuLg3iraAXKgCrQ,3ekLEtjfDG4,@nataliaprestes7297,UCOxIPq0VZt0_q13cCURS97A,http://www.youtube.com/@nataliaprestes7297,https://yt3.ggpht.com/ytc/AIdro_npYL4oSDm9ep92qMpR69Pe6dX9O7FuUbRQ3EGl6E0=s48-c-k-c0x00ffffff-no-rj,😢,😢,0,none,True,2024-11-21T22:19:09Z,2024-11-21T22:19:09Z
UCj0O6W8yDuLg3iraAXKgCrQ,3ekLEtjfDG4,@KIZARU._TV,UCj3RBZ3MNdj9_uABbNPht7A,http://www.youtube.com/@KIZARU._TV,https://yt3.ggpht.com/gwgt3y2DI3fk3MdGsAV53DL7mUU1AXY9isvR127JjN-ShhObKN8mrAm60Ynu-jJOIs57n9jZxg=s48-c-k-c0x00ffffff-no-rj,"Daniel molo e Lucas marques,os melhores do yt.","Daniel molo e Lucas marques,os melhores do yt.",2,none,True,2024-11-21T21:23:11Z,2024-11-21T21:23:11Z
UCj0O6W8yDuLg3iraAXKgCrQ,3ekLEtjfDG4,@adrianojose1526,UClfjAwHmnS6uZtRrYgyaoJQ,http://www.youtube.com/@adrianojose1526,https://yt3.ggpht.com/ytc/AIdro_ld_7Cy2ZWM-sA8tmmE_MbFi_7oQhsCy_wVp4vgxwgttw=s48-c-k-c0x00ffffff-no-rj,Show de bola ☺️👏🏽👏🏽👏🏽👏🏽👏🏽,Show de bola ☺️👏🏽👏🏽👏🏽👏🏽👏🏽,2,none,True,2024-11-21T19:24:46Z,2024-11-21T19:24:46Z
UCj0O6W8yDuLg3iraAXKgCrQ,3ekLEtjfDG4,@Thzin32brzin,UCwNqWr90seoUxUrcX7L8Cgg,http://www.youtube.com/@Thzin32brzin,https://yt3.ggpht.com/KluKwvpeolvXa848MhKYvXYaribSmEYp4vmduF2rd4RjWJgRm55u3qw9-7MerZ4MxkYw9TaAFIU=s48-c-k-c0x00ffffff-no-rj,"Voces tem que gravar mais vídeos sobre teorias da conspiração, acontecimentos do universo, misterios e etc... Ja tem uma era que vcs so posta videos bobos.","Voces tem que gravar mais vídeos sobre teorias da conspiração, acontecimentos do universo, misterios e etc... Ja tem uma era que vcs so posta videos bobos.",0,none,True,2024-11-21T19:03:37Z,2024-11-21T19:03:37Z
UCj0O6W8yDuLg3iraAXKgCrQ,3ekLEtjfDG4,@wpimenta6413,UClyHI4Dnxy9QoCJ9CNiRuZw,http://www.youtube.com/@wpimenta6413,https://yt3.ggpht.com/C8R4sMF79Rvbdq8kaCJEhlf5-JwXvjNar4dins2G-9X-BV-QM7tB1e581YMe6RnROiD9zW0QvhY=s48-c-k-c0x00ffffff-no-rj,Essa foto não é da Meg e sim da lisa.,Essa foto não é da Meg e sim da lisa.,0,none,True,2024-11-21T18:50:08Z,2024-11-21T18:50:08Z
UCj0O6W8yDuLg3iraAXKgCrQ,3ekLEtjfDG4,@isabelamoreno7125,UCazisOBI5WJvTZytEZmsKjw,http://www.youtube.com/@isabelamoreno7125,https://yt3.ggpht.com/ytc/AIdro_lXKxBUSTB2cuCEApUoa7CRFXKJdssssS_Ngl6zZ3xKEZNV=s48-c-k-c0x00ffffff-no-rj,façam logo um vídeo sobre que os aliens estão no mar e não no ceu😭😭😭😭😭😭,façam logo um vídeo sobre que os aliens estão no mar e não no ceu😭😭😭😭😭😭,0,none,True,2024-11-21T18:29:33Z,2024-11-21T18:30:00Z
UCj0O6W8yDuLg3iraAXKgCrQ,3ekLEtjfDG4,@CarlosRafaelRocha,UCN3IRAB3QJBh0SpFk3UZiBQ,http://www.youtube.com/@CarlosRafaelRocha,https://yt3.ggpht.com/ytc/AIdro_nBDeZ9mqdIFB9ZVjY1L_Zestnzoo5Sf1l4wqCS9M9x7GOn4Ieia6TOKEF-97zhMtLXgw=s48-c-k-c0x00ffffff-no-rj,Esse bigode do Daniel tá idêntico a um cachecol de rola 😂😂😂😂,Esse bigode do Daniel tá idêntico a um cachecol de rola 😂😂😂😂,0,none,True,2024-11-21T18:03:36Z,2024-11-21T18:03:36Z
UCj0O6W8yDuLg3iraAXKgCrQ,3ekLEtjfDG4,@RenatoAranha-g9v,UCC1nsOs5zNjNaqRuK9yW14g,http://www.youtube.com/@RenatoAranha-g9v,https://yt3.ggpht.com/ytc/AIdro_lAyCmPuPTcTtYpOA4QnUiNiel5MSi2UOypDgNoiTtaAGtGVrLt1wtS6foazk69LW0x-w=s48-c-k-c0x00ffffff-no-rj,Alguém já parou pra pensar que poderia ser a liza bebê no quadro?,Alguém já parou pra pensar que poderia ser a liza bebê no quadro?,2,none,True,2024-11-21T16:17:14Z,2024-11-21T16:17:14Z
UCj0O6W8yDuLg3iraAXKgCrQ,3ekLEtjfDG4,@huianaraujo5464,UCutkc2Qv9SwbJs7sh-PFo6Q,http://www.youtube.com/@huianaraujo5464,https://yt3.ggpht.com/ytc/AIdro_nKtuDjmQiPtOS7NXNSWamyapVvUytpMUMQKrisyiQ=s48-c-k-c0x00ffffff-no-rj,aquele sorteio é se vdd mesmo? ou é golpe? n vejo vcs falando,aquele sorteio é se vdd mesmo? ou é golpe? n vejo vcs falando,0,none,True,2024-11-21T15:31:57Z,2024-11-21T15:31:57Z
UCj0O6W8yDuLg3iraAXKgCrQ,3ekLEtjfDG4,@ronanrodriguesss,UCr3Hkj2zV8tAWrpUy1nSGPQ,http://www.youtube.com/@ronanrodriguesss,https://yt3.ggpht.com/ytc/AIdro_lKnW87Ex9DHIwqrcM3HIqgX0ODRbzE9E1C5CMkAAPRDUKG=s48-c-k-c0x00ffffff-no-rj,2:22 pode ser que o quadro seja da Lisa bebê,2:22 pode ser que o quadro seja da Lisa bebê,0,none,True,2024-11-21T13:55:38Z,2024-11-21T13:55:38Z
UCj0O6W8yDuLg3iraAXKgCrQ,3ekLEtjfDG4,@JefersonSouza-e8z,UCr-uvivb0jw20bNZF-VXGzg,http://www.youtube.com/@JefersonSouza-e8z,https://yt3.ggpht.com/ytc/AIdro_mhsmnYE8s43yKvrOUEuO15ubUhsinTg2sCvnzOqI9_bv10vBFKsBHnJGDP5ESWQFEWmg=s48-c-k-c0x00ffffff-no-rj,Dos Simpsons ser amarelo descobri adulto,Dos Simpsons ser amarelo descobri adulto,0,none,True,2024-11-21T12:59:54Z,2024-11-21T12:59:54Z
UCj0O6W8yDuLg3iraAXKgCrQ,3ekLEtjfDG4,@IvanSantos-vu2gp,UCGu__oXMzcBJVMxOQabv25A,http://www.youtube.com/@IvanSantos-vu2gp,https://yt3.ggpht.com/ytc/AIdro_kWGOY2zL43BkQohHAF2ubCG6ZxCBJ3MFVPoRSNnCPL3skEILciTq3Gatqql3ZDXtWv5A=s48-c-k-c0x00ffffff-no-rj,Eu gosto muito assistido varios vídeos nas minhas 😊folgas do trabalho!😅😂,Eu gosto muito assistido varios vídeos nas minhas 😊folgas do trabalho!😅😂,0,none,True,2024-11-21T12:54:16Z,2024-11-21T12:54:45Z
UCj0O6W8yDuLg3iraAXKgCrQ,3ekLEtjfDG4,@JefersonSouza-e8z,UCr-uvivb0jw20bNZF-VXGzg,http://www.youtube.com/@JefersonSouza-e8z,https://yt3.ggpht.com/ytc/AIdro_mhsmnYE8s43yKvrOUEuO15ubUhsinTg2sCvnzOqI9_bv10vBFKsBHnJGDP5ESWQFEWmg=s48-c-k-c0x00ffffff-no-rj,Dos Simpsons descobri adulto,Dos Simpsons descobri adulto,0,none,True,2024-11-21T12:50:19Z,2024-11-21T12:50:19Z
UCj0O6W8yDuLg3iraAXKgCrQ,3ekLEtjfDG4,@Jaqueline123-g5i,UCnw_A9v1AZzscj54ALcWHOQ,http://www.youtube.com/@Jaqueline123-g5i,https://yt3.ggpht.com/EPhoAr-ws0UFM7ShwhtnIW9lRA9r34-OQlkiBLrPiS15qhDdCvWyNFcmXxTrIVbWxs-7P1IW=s48-c-k-c0x00ffffff-no-rj,Falem sobre os alienígenas no oceano,Falem sobre os alienígenas no oceano,1,none,True,2024-11-21T12:49:17Z,2024-11-21T12:49:17Z
UCj0O6W8yDuLg3iraAXKgCrQ,3ekLEtjfDG4,@Jaqueline123-g5i,UCnw_A9v1AZzscj54ALcWHOQ,http://www.youtube.com/@Jaqueline123-g5i,https://yt3.ggpht.com/EPhoAr-ws0UFM7ShwhtnIW9lRA9r34-OQlkiBLrPiS15qhDdCvWyNFcmXxTrIVbWxs-7P1IW=s48-c-k-c0x00ffffff-no-rj,Falem sobre os alienígenas no oceano,Falem sobre os alienígenas no oceano,1,none,True,2024-11-21T12:49:05Z,2024-11-21T12:49:05Z
UCj0O6W8yDuLg3iraAXKgCrQ,3ekLEtjfDG4,@Jaqueline123-g5i,UCnw_A9v1AZzscj54ALcWHOQ,http://www.youtube.com/@Jaqueline123-g5i,https://yt3.ggpht.com/EPhoAr-ws0UFM7ShwhtnIW9lRA9r34-OQlkiBLrPiS15qhDdCvWyNFcmXxTrIVbWxs-7P1IW=s48-c-k-c0x00ffffff-no-rj,Falem sobre os alienígenas no oceano,Falem sobre os alienígenas no oceano,1,none,True,2024-11-21T12:48:47Z,2024-11-21T12:48:47Z
UCj0O6W8yDuLg3iraAXKgCrQ,3ekLEtjfDG4,@Jaqueline123-g5i,UCnw_A9v1AZzscj54ALcWHOQ,http://www.youtube.com/@Jaqueline123-g5i,https://yt3.ggpht.com/EPhoAr-ws0UFM7ShwhtnIW9lRA9r34-OQlkiBLrPiS15qhDdCvWyNFcmXxTrIVbWxs-7P1IW=s48-c-k-c0x00ffffff-no-rj,Falem sobre os alienígenas no oceano falam sobre os alienígenas no oceano,Falem sobre os alienígenas no oceano falam sobre os alienígenas no oceano,3,none,True,2024-11-21T12:48:35Z,2024-11-21T12:48:35Z
UCj0O6W8yDuLg3iraAXKgCrQ,3ekLEtjfDG4,@Jaqueline123-g5i,UCnw_A9v1AZzscj54ALcWHOQ,http://www.youtube.com/@Jaqueline123-g5i,https://yt3.ggpht.com/EPhoAr-ws0UFM7ShwhtnIW9lRA9r34-OQlkiBLrPiS15qhDdCvWyNFcmXxTrIVbWxs-7P1IW=s48-c-k-c0x00ffffff-no-rj,Falem sobre os alienígenas no oceano,Falem sobre os alienígenas no oceano,1,none,True,2024-11-21T12:48:21Z,2024-11-21T12:48:21Z
UCj0O6W8yDuLg3iraAXKgCrQ,3ekLEtjfDG4,@Jaqueline123-g5i,UCnw_A9v1AZzscj54ALcWHOQ,http://www.youtube.com/@Jaqueline123-g5i,https://yt3.ggpht.com/EPhoAr-ws0UFM7ShwhtnIW9lRA9r34-OQlkiBLrPiS15qhDdCvWyNFcmXxTrIVbWxs-7P1IW=s48-c-k-c0x00ffffff-no-rj,Falem sobre os alienígenas do oceano,Falem sobre os alienígenas do oceano,1,none,True,2024-11-21T12:48:05Z,2024-11-21T12:48:05Z
UCj0O6W8yDuLg3iraAXKgCrQ,3ekLEtjfDG4,@Jaqueline123-g5i,UCnw_A9v1AZzscj54ALcWHOQ,http://www.youtube.com/@Jaqueline123-g5i,https://yt3.ggpht.com/EPhoAr-ws0UFM7ShwhtnIW9lRA9r34-OQlkiBLrPiS15qhDdCvWyNFcmXxTrIVbWxs-7P1IW=s48-c-k-c0x00ffffff-no-rj,Falem sobre os alienígenas no oceano,Falem sobre os alienígenas no oceano,3,none,True,2024-11-21T12:47:43Z,2024-11-21T12:47:43Z
UCj0O6W8yDuLg3iraAXKgCrQ,3ekLEtjfDG4,@fellipe_309,UCj9ZQDlUN6ChySJtpw3Sufw,http://www.youtube.com/@fellipe_309,https://yt3.ggpht.com/h5s_pn_TuJtHw9oj36q0uxkWqsPgyc8ZDoMU2AKrC1gLjJQs5pXy2Btk3JV_3K1YaVb2qymT=s48-c-k-c0x00ffffff-no-rj,Faz um vídeo atualizado falando sobre os ET,Faz um vídeo atualizado falando sobre os ET,2,none,True,2024-11-21T12:40:05Z,2024-11-21T12:40:05Z
UCj0O6W8yDuLg3iraAXKgCrQ,3ekLEtjfDG4,@patrickmiranda1288,UCuHFJuvLUCmzMr1gVGK_BuA,http://www.youtube.com/@patrickmiranda1288,https://yt3.ggpht.com/ytc/AIdro_leFdLLGMLv8mOQ6sbt3VAhuCTea1JnzoTVGkKpANmqGw=s48-c-k-c0x00ffffff-no-rj,Atualização do caso dyddy?,Atualização do caso dyddy?,1,none,True,2024-11-21T12:11:17Z,2024-11-21T12:11:17Z
UCj0O6W8yDuLg3iraAXKgCrQ,3ekLEtjfDG4,@RenanCarlosFernandes,UCQhrARnRn0pmNQFu3VseKHA,http://www.youtube.com/@RenanCarlosFernandes,https://yt3.ggpht.com/ytc/AIdro_lkDhfR4IQoQOti0IosPsSAEqhLLgtyGqmMmRGIpKBIdhtOTK_iy1Z_GU0MKBc9sh8dlA=s48-c-k-c0x00ffffff-no-rj,Esse quadro deve ser a lizz,Esse quadro deve ser a lizz,0,none,True,2024-11-21T11:16:42Z,2024-11-21T11:16:42Z
UCj0O6W8yDuLg3iraAXKgCrQ,3ekLEtjfDG4,@RelatosdaMeiaNoite-z9v,UC7kyL4Jivt_JWR9jOtzWaCg,http://www.youtube.com/@RelatosdaMeiaNoite-z9v,https://yt3.ggpht.com/81Xuc3nYhDSmrIUtMMFZP0J9uiE-YqvikMdnkZ9f5x5bn91MdtV2WCrLeUdQZvaZsi-4JcILEQ=s48-c-k-c0x00ffffff-no-rj,Eu esperando sair o vídeo sobre os alienígenas,Eu esperando sair o vídeo sobre os alienígenas,3,none,True,2024-11-21T10:53:22Z,2024-11-21T10:53:22Z
UCj0O6W8yDuLg3iraAXKgCrQ,3ekLEtjfDG4,@FelipeReis-e8k,UCrrJfumjT0IS2b6B4Re_YYQ,http://www.youtube.com/@FelipeReis-e8k,https://yt3.ggpht.com/wCRKRYagREw_RHMhQ6JV9Lfszj-AIrcqcRLYBaT1WfG0l_heBDDAfmgqQyS6OPQD7qDevt6kXQ=s48-c-k-c0x00ffffff-no-rj,Passamos e ainda esse canal cada dia melhora esse canal o melhor melhor canal do mundo,Passamos e ainda esse canal cada dia melhora esse canal o melhor melhor canal do mundo,1,none,True,2024-11-21T07:22:08Z,2024-11-21T07:22:08Z
UCj0O6W8yDuLg3iraAXKgCrQ,3ekLEtjfDG4,@N0_N4M3_13,UCdPsR9GcVJvqlP9O2yGhZEw,http://www.youtube.com/@N0_N4M3_13,https://yt3.ggpht.com/rK6o8d4B_yvgI3umP_oWel7Kpe1YDqeUhWZkqomFSHDN8ig-oD7alVWSGcyG8UCQeerUYnQ_=s48-c-k-c0x00ffffff-no-rj,Faz video falando sobre os aliens no mar,Faz video falando sobre os aliens no mar,3,none,True,2024-11-21T04:26:38Z,2024-11-21T04:26:38Z
UCj0O6W8yDuLg3iraAXKgCrQ,3ekLEtjfDG4,@kauanqup254,UCir_QkErF0ex46ndLJU9oGA,http://www.youtube.com/@kauanqup254,https://yt3.ggpht.com/1uZugQKdwgMaWAkgl37BQjhJT1ps1s5okIudM016SkxAJM1LKGtNiJa2b1m4e6Xx4bN1uZFh=s48-c-k-c0x00ffffff-no-rj,"você sabia, falem sobre a existência de ovnis e as teorias sobre isso como leviatã e etc","você sabia, falem sobre a existência de ovnis e as teorias sobre isso como leviatã e etc",3,none,True,2024-11-21T03:43:40Z,2024-11-21T03:43:40Z
UCj0O6W8yDuLg3iraAXKgCrQ,3ekLEtjfDG4,@tonyasincera1397,UCS4Qjk5b04GYrLZl0b-mgkw,http://www.youtube.com/@tonyasincera1397,https://yt3.ggpht.com/x6XmyskUa2sJBXRP4Oc3dN7G8CFfaVXXqE106ag39qiquQirePLUl14lr6aUfUCdEdNzSdwLgQ=s48-c-k-c0x00ffffff-no-rj,Oii,Oii,0,none,True,2024-11-21T03:34:33Z,2024-11-21T03:34:33Z
UCj0O6W8yDuLg3iraAXKgCrQ,3ekLEtjfDG4,@seguidor_de_jesuscristo_Lord,UCZtmIahcbi4H32xaz_jb8Dg,http://www.youtube.com/@seguidor_de_jesuscristo_Lord,https://yt3.ggpht.com/-8CREDIurYbyZuLWnDsvuxrLYz8XZD-GD9ZpheYCneotqdsmRTsT3aTNC5I3S7WD6RnwkqBt=s48-c-k-c0x00ffffff-no-rj,Volto 2026,Volto 2026,0,none,True,2024-11-21T03:23:05Z,2024-11-21T03:23:05Z
UCj0O6W8yDuLg3iraAXKgCrQ,3ekLEtjfDG4,@antonioteixeira3001,UCmTNdfUwBZAqWyl8B977wLg,http://www.youtube.com/@antonioteixeira3001,https://yt3.ggpht.com/ytc/AIdro_klnFSSQK8rR-RKfusltQ-egpbsZU6mkXpU7rMFkU_O6oLt=s48-c-k-c0x00ffffff-no-rj,Sobre o quadro da Mag acredito eu que era a mãe dela mais nova,Sobre o quadro da Mag acredito eu que era a mãe dela mais nova,1,none,True,2024-11-21T03:11:33Z,2024-11-21T03:11:33Z
UCj0O6W8yDuLg3iraAXKgCrQ,3ekLEtjfDG4,@AQUELAPESSOAOFC,UCmfYTIdSuz-ONSN65zlciTw,http://www.youtube.com/@AQUELAPESSOAOFC,https://yt3.ggpht.com/YOZ1flDQZSEVO6taPZzU_zDSGBo7TdfbBwHm8hzTGEbFY08E4QD43OtNVD3UrRpMcN4M0z3WaA=s48-c-k-c0x00ffffff-no-rj,Quantos anos vcs tem?,Quantos anos vcs tem?,0,none,True,2024-11-21T03:03:37Z,2024-11-21T03:03:37Z
UCj0O6W8yDuLg3iraAXKgCrQ,3ekLEtjfDG4,@frederico930,UCn6Xd2abDcZ0KgcMlaqQGLw,http://www.youtube.com/@frederico930,https://yt3.ggpht.com/ytc/AIdro_lwpehBQHcmseNW-QH3tIvP3AfRDM8SCfqUHCk5P7U=s48-c-k-c0x00ffffff-no-rj,No caso do quadro dos simpsons nao é Maggie mas sim a Lisa em pequena.😉,No caso do quadro dos simpsons nao é Maggie mas sim a Lisa em pequena.😉,0,none,True,2024-11-21T03:02:34Z,2024-11-21T03:02:34Z
UCj0O6W8yDuLg3iraAXKgCrQ,3ekLEtjfDG4,@forródjrafinhaofc,UC8sgb6bOV_1zCeHubiOrnJg,http://www.youtube.com/@forr%C3%B3djrafinhaofc,https://yt3.ggpht.com/l7U4HnPJhfZExpWqBEeSwP4gyYvhn__ubaZxZSUBB-aisf5cW8_J-XiFYxosXclAMqZnrBleKhA=s48-c-k-c0x00ffffff-no-rj,Lucas Marques gostoso como sempre,Lucas Marques gostoso como sempre,0,none,True,2024-11-21T02:19:52Z,2024-11-21T02:19:52Z
UCj0O6W8yDuLg3iraAXKgCrQ,3ekLEtjfDG4,@wellintongabriel7304,UCWaTZLvzlFsxDY5Hz1l84bg,http://www.youtube.com/@wellintongabriel7304,https://yt3.ggpht.com/ytc/AIdro_mcmmbJVRhZw3ZYNd8QRPUgRSHYayPweoLfjpfft-s=s48-c-k-c0x00ffffff-no-rj,Oi,Oi,0,none,True,2024-11-21T01:58:23Z,2024-11-21T01:58:23Z
UCj0O6W8yDuLg3iraAXKgCrQ,3ekLEtjfDG4,@naiaraxz,UCR93MU2tE4Oani7Z_B25h7w,http://www.youtube.com/@naiaraxz,https://yt3.ggpht.com/izU9Lg7yKSVQEMpTW_ykrNNEf8-mGv8NKut0848IFX3NqkdMGhD4EEmtPLw8oKmpIkAUsZ80=s48-c-k-c0x00ffffff-no-rj,vocês vao fala sobre os alienígenas???!!!!???,vocês vao fala sobre os alienígenas???!!!!???,0,none,True,2024-11-21T01:42:58Z,2024-11-21T01:42:58Z
UCj0O6W8yDuLg3iraAXKgCrQ,3ekLEtjfDG4,@rejanereis7250,UCUjodKiDygAMCejMRRV2otA,http://www.youtube.com/@rejanereis7250,https://yt3.ggpht.com/ytc/AIdro_nu_Qd-sCfL_f5c-6ISqVrYKHoMmZVvVJP7Kpu9ZkE=s48-c-k-c0x00ffffff-no-rj,"O quadro que aparece quando a Marge está grávida, pode ser da Liza quando bebê.","O quadro que aparece quando a Marge está grávida, pode ser da Liza quando bebê.",34,none,True,2024-11-21T01:35:38Z,2024-11-21T01:35:38Z
UCj0O6W8yDuLg3iraAXKgCrQ,3ekLEtjfDG4,@zuzu_o1z,UCLPTkjRI-yoFFmdHNEIOq2Q,http://www.youtube.com/@zuzu_o1z,https://yt3.ggpht.com/Gwc1xJ1K6KThdFlJkLTsfUIYU0E8TrcJENUOvI6ZQx2hHnWJxtG9Dv6quVtUhEF34LzR87phDQ=s48-c-k-c0x00ffffff-no-rj,Ai vey amos esses vídeos 🤓,Ai vey amos esses vídeos 🤓,0,none,True,2024-11-21T00:56:20Z,2024-11-21T00:56:20Z
UCj0O6W8yDuLg3iraAXKgCrQ,3ekLEtjfDG4,@JoelSalomaodeavila,UCLO3aXfraj5DPFZ76SzOXhA,http://www.youtube.com/@JoelSalomaodeavila,https://yt3.ggpht.com/ytc/AIdro_mhsmnYE8s43yKvrOUEuO15ubUhsinTg2sCvnzOqI9_bv10vBFKsBHnJGDP5ESWQFEWmg=s48-c-k-c0x00ffffff-no-rj,Vcs são feras mt sucesso,Vcs são feras mt sucesso,1,none,True,2024-11-21T00:51:59Z,2024-11-21T00:51:59Z
UCj0O6W8yDuLg3iraAXKgCrQ,3ekLEtjfDG4,@Clipcanibal,UC95dRHMgsC4HQGOVWuQ8P3Q,http://www.youtube.com/@Clipcanibal,https://yt3.ggpht.com/B0gyQ0u4BPNCtT5ajaW77MgQLgBTVKLc-xnCBP90X1m_RuiLOO9jE-w2PbkC5gD6OAn0wGSP9Bk=s48-c-k-c0x00ffffff-no-rj,Eu esperando eles posta sobre os alienígenas que vazaram a existência,Eu esperando eles posta sobre os alienígenas que vazaram a existência,2,none,True,2024-11-21T00:48:40Z,2024-11-21T00:48:40Z
UCj0O6W8yDuLg3iraAXKgCrQ,3ekLEtjfDG4,@Tzc_Cars_Tzc,UCcYX_fLy-XCabwiCmUTx5CA,http://www.youtube.com/@Tzc_Cars_Tzc,https://yt3.ggpht.com/ytc/AIdro_nM8r77Y7Us-1FW6dv-MFAEOgqP10cph49FkxXDnpVClwNGEIdM5zdTUyEgLLRRse4Z7A=s48-c-k-c0x00ffffff-no-rj,Ei galera tomará que eles falem dos alienígenas que a NASA confirmou,Ei galera tomará que eles falem dos alienígenas que a NASA confirmou,0,none,True,2024-11-21T00:34:36Z,2024-11-21T00:34:36Z
UCj0O6W8yDuLg3iraAXKgCrQ,3ekLEtjfDG4,@welington.emanuel,UCEupQfQ6SFIF3g2WWj-Gsvg,http://www.youtube.com/@welington.emanuel,https://yt3.ggpht.com/Kjmat9Kr69UY4bKGspEldRBAHn0t1r3L_uZA3b9RZCIqjLyZWmWjT6Fttw69sbOnulc9QXOw7-U=s48-c-k-c0x00ffffff-no-rj,"O quadro da Magie pode ser a Liza, quando nasceu 😮","O quadro da Magie pode ser a Liza, quando nasceu 😮",33,none,True,2024-11-21T00:17:04Z,2024-11-21T00:17:04Z
UCj0O6W8yDuLg3iraAXKgCrQ,3ekLEtjfDG4,@Serafim122,UCtZ1MrAPA7iA3moT8tMyGsA,http://www.youtube.com/@Serafim122,https://yt3.ggpht.com/iLoF3eBcbWvJr_0UH9QuYTyrmSLFAmiLRagDSR3P-0N0itC7z0I9bnpoXjz_JocqZmzcqHRV-6U=s48-c-k-c0x00ffffff-no-rj,"Nossa não mudaram nada, ta a mesma coisa parece que voltei no tempo ❤❤❤❤❤❤","Nossa não mudaram nada, ta a mesma coisa parece que voltei no tempo ❤❤❤❤❤❤",0,none,True,2024-11-21T00:09:26Z,2024-11-21T00:09:38Z
UCj0O6W8yDuLg3iraAXKgCrQ,3ekLEtjfDG4,@GodGreen1405,UCiykDs9OuJC2rXwTZIUZ9FQ,http://www.youtube.com/@GodGreen1405,https://yt3.ggpht.com/UVCrdCr_BeUfNVpM7oy_zKay8biHW3ppCs6X5qQBV9ihPXPQs3XxQIB2J7SwYi0IuP4e-2JZLfI=s48-c-k-c0x00ffffff-no-rj,Saudades da puxada da vinheta,Saudades da puxada da vinheta,0,none,True,2024-11-20T23:34:05Z,2024-11-20T23:34:05Z
UCj0O6W8yDuLg3iraAXKgCrQ,3ekLEtjfDG4,@Galaxiapop27,UCnMvLkPQO8-tpnE7sG8m2rQ,http://www.youtube.com/@Galaxiapop27,https://yt3.ggpht.com/vUy-0Ug99EoQXIxeEE354PR9dqD0tiinTyjTBCn1dXG37hR7uPOUCxVyNfDMhwCCwYgHLT6BvQ=s48-c-k-c0x00ffffff-no-rj,Mas ficar levantando e sentando cansa kkkkk,Mas ficar levantando e sentando cansa kkkkk,1,none,True,2024-11-20T23:27:42Z,2024-11-20T23:27:42Z
UCj0O6W8yDuLg3iraAXKgCrQ,3ekLEtjfDG4,@KatieleSchultzrangel,UCt6y1xPNGehvlvkOB41HJtw,http://www.youtube.com/@KatieleSchultzrangel,https://yt3.ggpht.com/ytc/AIdro_lstB3YH641mvD7c0F5CsIK1VohS5sGjDHznzqAxeFzDrKoh35mwiEQPb1tQwNdxYWaWA=s48-c-k-c0x00ffffff-no-rj,"A risada do Lukas é muito bonitinha,amei o vídeo ❤","A risada do Lukas é muito bonitinha,amei o vídeo ❤",2,none,True,2024-11-20T23:27:34Z,2024-11-20T23:27:34Z
UCj0O6W8yDuLg3iraAXKgCrQ,3ekLEtjfDG4,@AD_KRATOS,UCKbl-5fUvUQiNGpT3F7bkHA,http://www.youtube.com/@AD_KRATOS,https://yt3.ggpht.com/0zywN1BU5Z7kp4oOsiAUpPHasNNhfxKwnMDotTIvuh_VygyaB7yVxT7qELH-NXn_BFpxt0yTT8k=s48-c-k-c0x00ffffff-no-rj,Boa noite eu gostaria que vocês falassem do casa eliza samudio por favor 🙏🏽,Boa noite eu gostaria que vocês falassem do casa eliza samudio por favor 🙏🏽,0,none,True,2024-11-20T23:23:13Z,2024-11-20T23:23:13Z
UCj0O6W8yDuLg3iraAXKgCrQ,3ekLEtjfDG4,@Choinski_gamer_oficial,UCqWzJw2d8orSyZmCzxbNDnQ,http://www.youtube.com/@Choinski_gamer_oficial,https://yt3.ggpht.com/HSr6tPDddw5tWWBrbZCZq-rXga2lFiqjdYIV1SqlCFklTSmkrI_ApWi4j5w440DYGF3JQUfONXI=s48-c-k-c0x00ffffff-no-rj,Agora que descubri que o vídeo é novo kkkkk,Agora que descubri que o vídeo é novo kkkkk,2,none,True,2024-11-20T23:17:42Z,2024-11-20T23:17:42Z
UCj0O6W8yDuLg3iraAXKgCrQ,3ekLEtjfDG4,@EvertonCardoso-o3q,UCGX7UfY-rBPybytTpw4iqEQ,http://www.youtube.com/@EvertonCardoso-o3q,https://yt3.ggpht.com/ytc/AIdro_nX6uF4gU8Lo_Uy7QCzyRLukJBUW3LQtAg2LFIdS9uk3TzTi81ldpp-mp8bVl_n17DE1Q=s48-c-k-c0x00ffffff-no-rj,Faz sobre o zumbi dos Palmares,Faz sobre o zumbi dos Palmares,0,none,True,2024-11-20T23:16:11Z,2024-11-20T23:16:11Z
UCj0O6W8yDuLg3iraAXKgCrQ,3ekLEtjfDG4,@Adrian-lh3sb,UCfNVsSX3yzr5CjoPvccbC6w,http://www.youtube.com/@Adrian-lh3sb,https://yt3.ggpht.com/e936AkFG843iHPeUUcJownlK4XvBdOTyOAik4Jb2hoYvGm6oFvWlwt-DPLkZga3bbhzmDU-O5A=s48-c-k-c0x00ffffff-no-rj,RAIOS GLOBULARES,RAIOS GLOBULARES,1,none,True,2024-11-20T23:04:46Z,2024-11-20T23:04:46Z
UCj0O6W8yDuLg3iraAXKgCrQ,3ekLEtjfDG4,@Alok-4ff,UCa14GDJ_L1UZktt5TdhQL8Q,http://www.youtube.com/@Alok-4ff,https://yt3.ggpht.com/c8TyWdHu_KZLDN2p0o8Lg2kYVkdwM6SyuNAxGyLJ29EmUT42ptDMmshP_vUgFQPPZ-qhlLP8=s48-c-k-c0x00ffffff-no-rj,Dani você já jogou no campeonato de free Fire é por essa não esperava❤,Dani você já jogou no campeonato de free Fire é por essa não esperava❤,0,none,True,2024-11-20T23:04:18Z,2024-11-20T23:04:18Z
UCj0O6W8yDuLg3iraAXKgCrQ,3ekLEtjfDG4,@Vilao2.0ff,UCv6KpdM2WZb0iNtGLbC9tRA,http://www.youtube.com/@Vilao2.0ff,https://yt3.ggpht.com/e32eJjv4i6twVd7xQvvnvzrDAKPhPfSbGRM8bf-xIzd76TAoI1zqvh0c-FMoo2UytVTdZKPGRg=s48-c-k-c0x00ffffff-no-rj,Faz um vídeo sobre a brett,Faz um vídeo sobre a brett,1,none,True,2024-11-20T22:45:42Z,2024-11-20T22:45:42Z
UCj0O6W8yDuLg3iraAXKgCrQ,3ekLEtjfDG4,@davidamorimaraujo6085,UCkbGcyjdSQfKlIbULRx9DvA,http://www.youtube.com/@davidamorimaraujo6085,https://yt3.ggpht.com/ytc/AIdro_lz013tHmKrtS2eqJL9izAbJ4qCuKCK7CzbkKWjXX0=s48-c-k-c0x00ffffff-no-rj,Muitas destas teorias são bem complicadas…mas acabam fazendo algum sentido.,Muitas destas teorias são bem complicadas…mas acabam fazendo algum sentido.,0,none,True,2024-11-20T22:35:14Z,2024-11-20T22:35:14Z
UCj0O6W8yDuLg3iraAXKgCrQ,3ekLEtjfDG4,@AdrianoDasilva-g1t,UC8-0yXKgtsHrTWGE6Jb0uTQ,http://www.youtube.com/@AdrianoDasilva-g1t,https://yt3.ggpht.com/ytc/AIdro_lCcLaQxWcvI2EGO1Yx8JghVogwuIvweQtKO2WljVQO8Z9U-9WIqXep9b4I_4RwnbLfMQ=s48-c-k-c0x00ffffff-no-rj,A rimada de dele no começo do vídeo,A rimada de dele no começo do vídeo,2,none,True,2024-11-20T21:46:33Z,2024-11-20T21:46:33Z
UCj0O6W8yDuLg3iraAXKgCrQ,3ekLEtjfDG4,@SandroRosadosSantos,UCVEW66NyDHfdQA3SqOs8tIA,http://www.youtube.com/@SandroRosadosSantos,https://yt3.ggpht.com/ytc/AIdro_mJWnsy-4D0HHK7e70lAjKZZtXkBBcCBOJGArgGB83flQAgJc3mP46709hKr12KPbfx0A=s48-c-k-c0x00ffffff-no-rj,O Bob esponja tenha a minha idade,O Bob esponja tenha a minha idade,0,none,True,2024-11-20T21:06:25Z,2024-11-20T21:06:25Z
UCj0O6W8yDuLg3iraAXKgCrQ,3ekLEtjfDG4,@joaobosco7914,UCcoMYfTdIfmhuJ4cr_dslvw,http://www.youtube.com/@joaobosco7914,https://yt3.ggpht.com/ytc/AIdro_m6bIu0QKTCwaAW5QsiptaDgwC4vGR6HC4RFV4TiCI=s48-c-k-c0x00ffffff-no-rj,Pppppmiiki😊ompokmmmokpmmmokkmomppoomopkmpol.mppopoopkpkpooo kk mó kk km popô kk o kk mpopppkkp kk,Pppppmiiki😊ompokmmmokpmmmokkmomppoomopkmpol.mppopoopkpkpooo kk mó kk km popô kk o kk mpopppkkp kk,0,none,True,2024-11-20T20:11:27Z,2024-11-20T20:11:27Z
UCj0O6W8yDuLg3iraAXKgCrQ,3ekLEtjfDG4,@MariaSilva-fx2di,UCGBoU2BYqjSnk8gwEKopksQ,http://www.youtube.com/@MariaSilva-fx2di,https://yt3.ggpht.com/OsbhwJD8b-XRYZNBp52MxrGn3-UvDJOWQGlSgs_xmr3aBPf37oXdLY7wOuZUZkrfDSEYtm2gzXo=s48-c-k-c0x00ffffff-no-rj,"🤔🤫😇😎isso séria encrivel,","🤔🤫😇😎isso séria encrivel,",2,none,True,2024-11-20T19:30:18Z,2024-11-20T19:30:18Z
UCj0O6W8yDuLg3iraAXKgCrQ,3ekLEtjfDG4,@brnxsVw,UCoxqZrobn_MxGrJemLOD7BA,http://www.youtube.com/@brnxsVw,https://yt3.ggpht.com/dof3tKGe80_nlItZcyeHQSbNOQwhlhN6ZURuC3Qd8EmU_X6AB0sbuUo21A-YcRJaz8NQ9MAj=s48-c-k-c0x00ffffff-no-rj,Mano quem acha que esse Bret já ficou enjoativo?,Mano quem acha que esse Bret já ficou enjoativo?,0,none,True,2024-11-20T19:19:52Z,2024-11-20T19:19:52Z
UCj0O6W8yDuLg3iraAXKgCrQ,3ekLEtjfDG4,@desevica,UCwYedRLvDCdvBufkz-HCAKg,http://www.youtube.com/@desevica,https://yt3.ggpht.com/ytc/AIdro_n-PIf4l9-gitVbJO59WBaBfndpu2xXqa5CgKAmz-SypfHYtKpVbNMkSMpxEZ05anVmSw=s48-c-k-c0x00ffffff-no-rj,2100??,2100??,0,none,True,2024-11-20T19:01:53Z,2024-11-20T19:01:53Z
UCj0O6W8yDuLg3iraAXKgCrQ,3ekLEtjfDG4,@GisselaCaroly,UCKoLgIjMPanArUWVwzeBj_w,http://www.youtube.com/@GisselaCaroly,https://yt3.ggpht.com/ytc/AIdro_lv0OFps6rQfOJXt8we0yI9P8dnXzZOfyhHIqURAjzP3hPbyhf73dY6hsoaN2U8skzHMQ=s48-c-k-c0x00ffffff-no-rj,EO,EO,0,none,True,2024-11-20T18:59:43Z,2024-11-20T18:59:43Z
UCj0O6W8yDuLg3iraAXKgCrQ,3ekLEtjfDG4,@gabjaoest,UCaLRitaH-A7dfadr3vjBV8w,http://www.youtube.com/@gabjaoest,https://yt3.ggpht.com/cwiwZmR5XnK4gnL-HOVo8hakUUjyQvfiVeHHcwlU-YnWp9eFXkHMKqiXMKO_LNoXmhOa-W0i=s48-c-k-c0x00ffffff-no-rj,Esa câmera  se,Esa câmera  se,1,none,True,2024-11-20T18:51:59Z,2024-11-20T18:51:59Z
UCj0O6W8yDuLg3iraAXKgCrQ,3ekLEtjfDG4,@camiladrachen2088,UC7PiFIKxEuCZapV1pjWpsWA,http://www.youtube.com/@camiladrachen2088,https://yt3.ggpht.com/1D5DqMk25a4mXEdYrfod93_XKAoQYNPLaFmwpT9pDNiJXoMlQ1ecgTLj3_ClWwpEtFZY686MCA=s48-c-k-c0x00ffffff-no-rj,Oloku o Bob esponja é mais velho que eu 👀😱😱😱,Oloku o Bob esponja é mais velho que eu 👀😱😱😱,2,none,True,2024-11-20T18:44:25Z,2024-11-20T18:44:25Z
UCj0O6W8yDuLg3iraAXKgCrQ,3ekLEtjfDG4,@janainagomes6912,UCD6XkF3NE_rSC84qhQg7TAw,http://www.youtube.com/@janainagomes6912,https://yt3.ggpht.com/ytc/AIdro_n_Dt0EPzYkcp8R7eicI36eOBwdGwsmKaN-mkcYt_Q=s48-c-k-c0x00ffffff-no-rj,O lula molusco virou Sigma kkkk,O lula molusco virou Sigma kkkk,0,none,True,2024-11-20T18:08:59Z,2024-11-20T18:08:59Z
UCj0O6W8yDuLg3iraAXKgCrQ,3ekLEtjfDG4,@Flowersminju,UCfdcXd_e7YPEZxRqfIONU4A,http://www.youtube.com/@Flowersminju,https://yt3.ggpht.com/TGXMDOD4JeJFGK8kFqiulSnPIj-hWowyJQLNOmWvHU7xiEkW02YBLFy1KyUET6POTRIYUNVKrw=s48-c-k-c0x00ffffff-no-rj,"Vocês podiam fazer teorias da tartarugas Ninjas, quem concorda curte!!","Vocês podiam fazer teorias da tartarugas Ninjas, quem concorda curte!!",1,none,True,2024-11-20T17:36:30Z,2024-11-20T17:36:30Z
UCj0O6W8yDuLg3iraAXKgCrQ,3ekLEtjfDG4,@fernandalourenco3424,UCMNhNWk6lGUcEaIGx5m65Zw,http://www.youtube.com/@fernandalourenco3424,https://yt3.ggpht.com/ytc/AIdro_kZ7d-k4A1joi6-8Fm9uvoxRhI2DITmpmaX-nB3gKo=s48-c-k-c0x00ffffff-no-rj,Quem foi c s Lewis,Quem foi c s Lewis,0,none,True,2024-11-20T17:32:47Z,2024-11-20T17:32:47Z
UCj0O6W8yDuLg3iraAXKgCrQ,3ekLEtjfDG4,@elainezambianco2860,UCU4Gm66YjtUElrTkiTr3PQA,http://www.youtube.com/@elainezambianco2860,https://yt3.ggpht.com/ytc/AIdro_lMRYLx6mv6sktyMql8mvJeHMjS6_C5kp9Kx_M0mcI=s48-c-k-c0x00ffffff-no-rj,"Meninos, a palavra correta é desfecho.","Meninos, a palavra correta é desfecho.",0,none,True,2024-11-20T17:27:43Z,2024-11-20T17:27:43Z
UCj0O6W8yDuLg3iraAXKgCrQ,3ekLEtjfDG4,@fernandalourenco3424,UCMNhNWk6lGUcEaIGx5m65Zw,http://www.youtube.com/@fernandalourenco3424,https://yt3.ggpht.com/ytc/AIdro_kZ7d-k4A1joi6-8Fm9uvoxRhI2DITmpmaX-nB3gKo=s48-c-k-c0x00ffffff-no-rj,Pode fazer quem foi c s Lewis,Pode fazer quem foi c s Lewis,0,none,True,2024-11-20T17:08:03Z,2024-11-20T17:08:03Z
UCj0O6W8yDuLg3iraAXKgCrQ,3ekLEtjfDG4,@pauloricardotelesdesouza9058,UCThK56oVeI1eb8_JFHGPyNw,http://www.youtube.com/@pauloricardotelesdesouza9058,https://yt3.ggpht.com/ytc/AIdro_kvbtTnSib7sZ8unyXGBaXdCu1QEHUOmM0J_vmGOMefsdIjo3XP0JRi_xplBMKba99Xow=s48-c-k-c0x00ffffff-no-rj,Essa não é a Meg é a lisa quando bebê,Essa não é a Meg é a lisa quando bebê,1,none,True,2024-11-20T16:51:19Z,2024-11-20T16:51:19Z
UCj0O6W8yDuLg3iraAXKgCrQ,3ekLEtjfDG4,@brenopereira8415,UCpP9PycINcZejcs0_DYqiuQ,http://www.youtube.com/@brenopereira8415,https://yt3.ggpht.com/ytc/AIdro_lNLNgt9Tkh7WlaeF-JuXF7B52oQX1nBwfPWGaFFEY=s48-c-k-c0x00ffffff-no-rj,"ManOoo os anos se passam e vocês continuão sendo os melhores ❤
Pura nostalgia❤","ManOoo os anos se passam e vocês continuão sendo os melhores ❤
Pura nostalgia❤",99,none,True,2024-11-20T16:39:01Z,2024-11-20T16:39:01Z
UCj0O6W8yDuLg3iraAXKgCrQ,3ekLEtjfDG4,@taniacristinamumu,UCqydfQ2GDUzhD4fgONLf8PA,http://www.youtube.com/@taniacristinamumu,https://yt3.ggpht.com/ytc/AIdro_mdBbnClhDEBS_czbqsVJ45M16g2e_h6KrA0udTDMx_Ago=s48-c-k-c0x00ffffff-no-rj,Amo estes dois há anos ❤,Amo estes dois há anos ❤,3,none,True,2024-11-20T16:37:05Z,2024-11-20T16:37:05Z
UCj0O6W8yDuLg3iraAXKgCrQ,3ekLEtjfDG4,@kathlynstuhler-1410,UCaRTa_nIFwlS6pP2yM-_3OQ,http://www.youtube.com/@kathlynstuhler-1410,https://yt3.ggpht.com/ytc/AIdro_mo-ngw2iXTjilc4X3R9TWfKMVubJaaWmP-E9AYx2N-KkwGfZ7Ck2wgooJGVstqf0wbRw=s48-c-k-c0x00ffffff-no-rj,Esse dos padrinhos mágicos ja sabia. Mas de resto estou chocada. Minha infância foi uma farsa kkkk😅😂,Esse dos padrinhos mágicos ja sabia. Mas de resto estou chocada. Minha infância foi uma farsa kkkk😅😂,0,none,True,2024-11-20T16:21:51Z,2024-11-20T16:21:51Z
UCj0O6W8yDuLg3iraAXKgCrQ,3ekLEtjfDG4,@IorranaTaissa,UC7whKecLB_1R7fwimL2ZZaw,http://www.youtube.com/@IorranaTaissa,https://yt3.ggpht.com/PPvUZjHF4ljgssl9zyUnUQJj_0RQHYdQHg3r8Ev7feQCYtjIHDxSE_mENKOjRpd6ZB7-v1ZG1MM=s48-c-k-c0x00ffffff-no-rj,❤❤❤❤❤❤😂😂,❤❤❤❤❤❤😂😂,1,none,True,2024-11-20T16:17:33Z,2024-11-20T16:17:33Z
UCj0O6W8yDuLg3iraAXKgCrQ,3ekLEtjfDG4,@wxgame501,UCNeFEJix0PnV0x0sXe34Idg,http://www.youtube.com/@wxgame501,https://yt3.ggpht.com/vDd7IRubwXTYbet8HPw1YxQe90fEo5m0NVvKKQrF8I5sotLHp4_SWQIrDSrBRxFekM8gSnd5_g=s48-c-k-c0x00ffffff-no-rj,Por favor,Por favor,0,none,True,2024-11-20T16:01:25Z,2024-11-20T16:01:25Z
UCj0O6W8yDuLg3iraAXKgCrQ,3ekLEtjfDG4,@Willzz__ofc,UCd7o7WiXVS1qPCit_Vhivpg,http://www.youtube.com/@Willzz__ofc,https://yt3.ggpht.com/Ey3kkFSXzpE81I7vt3ciDe1t68ux8Cv1Zwfncyq_veYqI5i_ct6YA84nObHSFnCPwlEFd3PLdg=s48-c-k-c0x00ffffff-no-rj,Fala sobre o caso dos caras que afirmaram que extraterrestre existem 😮,Fala sobre o caso dos caras que afirmaram que extraterrestre existem 😮,1,none,True,2024-11-20T15:57:10Z,2024-11-20T15:57:10Z
UCj0O6W8yDuLg3iraAXKgCrQ,3ekLEtjfDG4,@cafécomleite-21,UCqcxs38eXw6LedDP3EJh0YA,http://www.youtube.com/@caf%C3%A9comleite-21,https://yt3.ggpht.com/sb7D-l8vF3qNb89vlVdr99Vt8Fhpu-aoQ7M1EDY0xZXCZx67W89Fz1pDzgymOu6ne0_SxI852w=s48-c-k-c0x00ffffff-no-rj,"gostei da camera nova, parecem o eminem cantando kkkkkkkk muito bom","gostei da camera nova, parecem o eminem cantando kkkkkkkk muito bom",1,none,True,2024-11-20T15:53:06Z,2024-11-20T15:53:06Z
UCj0O6W8yDuLg3iraAXKgCrQ,3ekLEtjfDG4,@cauabenicio7963,UCDdSAyBUPw-_fOShd0hzwDg,http://www.youtube.com/@cauabenicio7963,https://yt3.ggpht.com/ytc/AIdro_nEaD_Rk3gYEqhmikjMp7vwgj1kjo_1clhZVFPoWzf4kyAVnj5RvUUogQGgDuScZLz2rA=s48-c-k-c0x00ffffff-no-rj,Eu nem sabia que o pai do gary animal de estimação do Bob Esponja Existise inacreditável,Eu nem sabia que o pai do gary animal de estimação do Bob Esponja Existise inacreditável,1,none,True,2024-11-20T15:50:31Z,2024-11-20T15:50:31Z
UCj0O6W8yDuLg3iraAXKgCrQ,3ekLEtjfDG4,@FelkClst,UCbLDyZ9JDcqEdHtWIZnyCgA,http://www.youtube.com/@FelkClst,https://yt3.ggpht.com/9OVEkMgb2vul0A0NFKPxTHtPylu80x24jR-69FyOmNNXZNgc48iMQDN6oYkJ-MUc_bgKtteyufg=s48-c-k-c0x00ffffff-no-rj,"Faz um vídeo falando sobre os ""alienígenas""!!","Faz um vídeo falando sobre os ""alienígenas""!!",2,none,True,2024-11-20T15:15:31Z,2024-11-20T15:15:31Z
UCj0O6W8yDuLg3iraAXKgCrQ,3ekLEtjfDG4,@odairosa01,UCLLPIFiz5-ZfQ28OlazmORA,http://www.youtube.com/@odairosa01,https://yt3.ggpht.com/zzkOqNw5QzDAYnp29zHmOtUY6OkkgeDj49FT-GKKMTCtCc8UG6V_WcYVJpF5GXmOX35NKWhv5hQ=s48-c-k-c0x00ffffff-no-rj,Como Bob sponja tem CNH vencida se ele nunca conseguiu tira habilitação 😮,Como Bob sponja tem CNH vencida se ele nunca conseguiu tira habilitação 😮,0,none,True,2024-11-20T14:29:21Z,2024-11-20T14:29:21Z
UCj0O6W8yDuLg3iraAXKgCrQ,3ekLEtjfDG4,@Vinicius-zp3ps,UCBYedwZ7PHhJe6BSMSZxY1A,http://www.youtube.com/@Vinicius-zp3ps,https://yt3.ggpht.com/niNFFF25vPIC_RFE_Ax2pU0ZPageRLAW-EGpJrEgbMwdCgrXoPh5sIzOnC5qPgJNp8PtJ_bm=s48-c-k-c0x00ffffff-no-rj,Tô só esperando o vídeo sobre os alienígena no fundo do mar,Tô só esperando o vídeo sobre os alienígena no fundo do mar,2,none,True,2024-11-20T14:23:20Z,2024-11-20T14:23:20Z
UCj0O6W8yDuLg3iraAXKgCrQ,3ekLEtjfDG4,@Nicolino_AI_Lab,UCDxvPRUrqy_P5yZY5uJzkNA,http://www.youtube.com/@Nicolino_AI_Lab,https://yt3.ggpht.com/ohBmZxndezy_xL50C2v71e6Z5ADYTmb_-tv5rVhYoS0xPfmDccX9RVFCtLPqWblbXUOB0ADNDA=s48-c-k-c0x00ffffff-no-rj,"Faz um vídeo sobre alienígenas se escondendo nos fundos do oceano, por favor!!!!","Faz um vídeo sobre alienígenas se escondendo nos fundos do oceano, por favor!!!!",1,none,True,2024-11-20T14:09:32Z,2024-11-20T14:09:32Z
UCj0O6W8yDuLg3iraAXKgCrQ,3ekLEtjfDG4,@Ester100k,UC8SPZ1cGuvp50hXWbisVERA,http://www.youtube.com/@Ester100k,https://yt3.ggpht.com/ACPYHzbcQ52VLY5M1znr6W5oWLkYroMGXAxCvBXPKJkH81vG94vTPszat3ntgiQLzC-MXNlv=s48-c-k-c0x00ffffff-no-rj,😊 Minions Minions Flamengo amarelo 💛🟡,😊 Minions Minions Flamengo amarelo 💛🟡,0,none,True,2024-11-20T14:02:00Z,2024-11-20T14:02:00Z
UCj0O6W8yDuLg3iraAXKgCrQ,3ekLEtjfDG4,@FRED847OFFICE,UCL8ndtVg4U8lrwh809Cjv6g,http://www.youtube.com/@FRED847OFFICE,https://yt3.ggpht.com/cNI8e9nuFtOtiDWFFNexs6ZrLRFX01zZbPl8zqPDPeyl-J7zTOBALxz5f40txVMXbr7wv34A=s48-c-k-c0x00ffffff-no-rj,"PARABÉNS PELOS 46,9 MIL DE INSCRITOS","PARABÉNS PELOS 46,9 MIL DE INSCRITOS",1,none,True,2024-11-20T13:56:24Z,2024-11-20T13:56:24Z
UCj0O6W8yDuLg3iraAXKgCrQ,3ekLEtjfDG4,@lucascatitoxavier4670,UCCXlqypJDYMgLl-fe3G9Oxg,http://www.youtube.com/@lucascatitoxavier4670,https://yt3.ggpht.com/ytc/AIdro_mb7Ia8W0RUo5c9C9uhPb3ckarYJY-RAci7JJHUQwdl9w=s48-c-k-c0x00ffffff-no-rj,Único Angolano aqui 🙋‍♂🙋‍♂🙋‍♂,Único Angolano aqui 🙋‍♂🙋‍♂🙋‍♂,0,none,True,2024-11-20T13:35:20Z,2024-11-20T13:35:20Z
UCj0O6W8yDuLg3iraAXKgCrQ,3ekLEtjfDG4,@danielsk8822,UCLneBxgXFnHQm-DgCYlVNhA,http://www.youtube.com/@danielsk8822,https://yt3.ggpht.com/NigHdRcB8toqpEhurDDT16anPHHnYd9cmpxlH1ko2FfmC76AQDyObgoRne-wnXEZNaIFCoGiKA=s48-c-k-c0x00ffffff-no-rj,saudades desse tipo de vídeo ❤,saudades desse tipo de vídeo ❤,1,none,True,2024-11-20T13:27:05Z,2024-11-20T13:27:05Z
UCj0O6W8yDuLg3iraAXKgCrQ,3ekLEtjfDG4,@Luís.Fernando69,UCFv-ioHA_xwma31QXv46aRg,http://www.youtube.com/@Lu%C3%ADs.Fernando69,https://yt3.ggpht.com/yUKCz6NRwX0Ll2307qyrh71dgkRjm-QueTm0OYopej3Fandfdqbdn98a8XdCHEAPm2kSZBYi=s48-c-k-c0x00ffffff-no-rj,Cara respeito a escolha de cada um!! Mais para mim os anjos não são assim não Manow  troço Horrendo 👍🏽,Cara respeito a escolha de cada um!! Mais para mim os anjos não são assim não Manow  troço Horrendo 👍🏽,0,none,True,2024-11-20T12:52:19Z,2024-11-20T12:52:42Z
UCj0O6W8yDuLg3iraAXKgCrQ,3ekLEtjfDG4,@BrunoShynnayder,UCtkM8DqNvam1YGDoHZlxQhA,http://www.youtube.com/@BrunoShynnayder,https://yt3.ggpht.com/5zW2NvGF9aoACo4hyxsmjIu5kpjGz_GCSWvwNGEDDvvmt8F_pPFTi_OcJJwiEzh-tI2YdJV5UQ=s48-c-k-c0x00ffffff-no-rj,Eu gosto mais do sabia fo que do você,Eu gosto mais do sabia fo que do você,0,none,True,2024-11-20T12:48:10Z,2024-11-20T12:48:10Z
UCj0O6W8yDuLg3iraAXKgCrQ,3ekLEtjfDG4,@manuzinho-i9z,UCiehf2T7PN_bflv1zT_3nsA,http://www.youtube.com/@manuzinho-i9z,https://yt3.ggpht.com/at35oZJ--aLPxkTyCdkRCuJUzz6szaXi7hEAAmd-vFIVUA3M4ho_uvNtRNaEOQv6HW-Fb86q=s48-c-k-c0x00ffffff-no-rj,Oi,Oi,0,none,True,2024-11-20T12:32:07Z,2024-11-20T12:32:07Z
UCj0O6W8yDuLg3iraAXKgCrQ,3ekLEtjfDG4,@KamikazeGamer-r2i,UCS-oB8LENaaQpqr8deWlnWw,http://www.youtube.com/@KamikazeGamer-r2i,https://yt3.ggpht.com/fB5fGA0173ZVFcBUUMpRcYoxe4k7fh_X9Szs9xHKFMVRY-xxtFiFD_SjIGiA5Kd_58VIZ3mqUg=s48-c-k-c0x00ffffff-no-rj,Poderia tirar um pouco do seu tempo para orar? PAI CELESTIAL  SANTIFICADO TEU NOME VENHA O TEU REINO SEJA FEITA TUA VONTADE NA TERRA COMO É FEITA NOS CÉUS NOSSO PÃO DIÁRIO NOS DÁ HOJE PERDOE NOSSOS PECADOS COMO PERDOAMOS OS QUE PECARAM CONTRA NÓS NOS DESVIE DA TENTAÇÃO LIVRA - NOS DO MAL TEU É O REINO O PODER E A GLORIA PARA TODO O SEMPRE ASSIM SEJA EM NOME DE JESUS CRISTO DE NAZARÉ AMÉM🙏,Poderia tirar um pouco do seu tempo para orar? PAI CELESTIAL  SANTIFICADO TEU NOME VENHA O TEU REINO SEJA FEITA TUA VONTADE NA TERRA COMO É FEITA NOS CÉUS NOSSO PÃO DIÁRIO NOS DÁ HOJE PERDOE NOSSOS PECADOS COMO PERDOAMOS OS QUE PECARAM CONTRA NÓS NOS DESVIE DA TENTAÇÃO LIVRA - NOS DO MAL TEU É O REINO O PODER E A GLORIA PARA TODO O SEMPRE ASSIM SEJA EM NOME DE JESUS CRISTO DE NAZARÉ AMÉM🙏,0,none,True,2024-11-20T12:20:45Z,2024-11-20T12:21:03Z
UCj0O6W8yDuLg3iraAXKgCrQ,3ekLEtjfDG4,@EudneyMouraVariedades7455,UCiQfIBp7KW2SsDnhoBb5yZQ,http://www.youtube.com/@EudneyMouraVariedades7455,https://yt3.ggpht.com/djzbcyQaUZrJ5nkhOMh5E39mlbci_Gmb_WznHNn5jLB5WgjNSzWXYCrShVtEboDhljxoc06Zvg=s48-c-k-c0x00ffffff-no-rj,aqui é de montes claros e o canal está de parabéms continue assim,aqui é de montes claros e o canal está de parabéms continue assim,1,none,True,2024-11-20T11:07:58Z,2024-11-20T11:07:58Z
UCj0O6W8yDuLg3iraAXKgCrQ,3ekLEtjfDG4,@gabrielolliver1658,UC1wpQMTdqKqFBKDsKOUZH-w,http://www.youtube.com/@gabrielolliver1658,https://yt3.ggpht.com/yh0Uz_7R9TSlprfyFPMpP-oRZTslwBprBgz6IgBPJqBZTol43i6W27GFwfH5VNKoGLhlYuLC=s48-c-k-c0x00ffffff-no-rj,Tira que eu vou cagarrrrrrrrrr,Tira que eu vou cagarrrrrrrrrr,0,none,True,2024-11-20T09:52:17Z,2024-11-20T09:52:17Z
UCj0O6W8yDuLg3iraAXKgCrQ,3ekLEtjfDG4,@DudaChagas-dp4em,UCHBLvOQg0UFwzvZ6p_dRzEg,http://www.youtube.com/@DudaChagas-dp4em,https://yt3.ggpht.com/sTiBYhDSaPxSx8A8DVg_xponLFncWz8uS4RhB04fuXsiQJDMg6Af0DaAc-QJdgSKbEb80mk3=s48-c-k-c0x00ffffff-no-rj,Obrigada por continuar insistindo na gente sempre ❤,Obrigada por continuar insistindo na gente sempre ❤,3,none,True,2024-11-20T09:23:43Z,2024-11-20T09:23:43Z
UCj0O6W8yDuLg3iraAXKgCrQ,3ekLEtjfDG4,@mgdosbobesponjas3205,UCBj6OYXhzFhxP40Osp6eCrg,http://www.youtube.com/@mgdosbobesponjas3205,https://yt3.ggpht.com/anK0VHFVqTmYHR7eQM-_XBttJebYzLveEAiFCzGWNBB4fYfb8HyWX4VRXXbLnKSj5fVz4WNZrQ=s48-c-k-c0x00ffffff-no-rj,Todo mundo que assiste Bob Esponja sabe muito bem que ele nunca conseguiu tirar habilitação,Todo mundo que assiste Bob Esponja sabe muito bem que ele nunca conseguiu tirar habilitação,1,none,True,2024-11-20T07:51:24Z,2024-11-20T07:51:24Z
UCj0O6W8yDuLg3iraAXKgCrQ,3ekLEtjfDG4,@Giela456,UCI2ud-nHWm7RIhCMWr4vfyw,http://www.youtube.com/@Giela456,https://yt3.ggpht.com/nSBWgpV8Ffnr3wIK-K6oCvEomVxl3LlEacSHl5hZfNQUq8Ivjkb6oUBXWzYz5Ddalo2FOXoS=s48-c-k-c0x00ffffff-no-rj,Quem tiver mais likes e gay,Quem tiver mais likes e gay,2,none,True,2024-11-20T07:41:11Z,2024-11-20T07:41:11Z
UCj0O6W8yDuLg3iraAXKgCrQ,3ekLEtjfDG4,@binho-vh1cl,UC8mI3v6T4IUMcfHDZlPgCBg,http://www.youtube.com/@binho-vh1cl,https://yt3.ggpht.com/LVIXZRQhrIIx6seiiNpGnMHblOldSq_3hZEptaDp1ep1I1h7TOG8J-Ma2eYHH-e8Xw7t9E7p=s48-c-k-c0x00ffffff-no-rj,Que nostalgia mn esse canal,Que nostalgia mn esse canal,0,none,True,2024-11-20T06:02:01Z,2024-11-20T06:02:01Z
UCj0O6W8yDuLg3iraAXKgCrQ,3ekLEtjfDG4,@HenriqueMontebello-yi4rl,UCTF3WJNvX_Qdb3wbsOMPNgQ,http://www.youtube.com/@HenriqueMontebello-yi4rl,https://yt3.ggpht.com/ktM6T0dY9_qUHe9ahi2aJli_LF0S56OujjiVnvlqYimqgO89rE9ExHNNECkOttG37eINBI3Q=s48-c-k-c0x00ffffff-no-rj,2:23 E se de repente for a Lisa?,2:23 E se de repente for a Lisa?,0,none,True,2024-11-20T05:42:07Z,2024-11-20T05:42:07Z
UCj0O6W8yDuLg3iraAXKgCrQ,3ekLEtjfDG4,@odiogorodri_,UCVN2CiVgMR_GN5TkrR6rbrQ,http://www.youtube.com/@odiogorodri_,https://yt3.ggpht.com/UNsH4uDujrv5vxLphAC91k5KYZT3TG-x6yP0GrcE4gP9hqXEPiltRq-6MeaAQnbD_HB5InZv8A=s48-c-k-c0x00ffffff-no-rj,Você sabia fala sobre a confirmação de aliens no oceano por favor 😊,Você sabia fala sobre a confirmação de aliens no oceano por favor 😊,1,none,True,2024-11-20T05:34:00Z,2024-11-20T05:34:00Z
UCj0O6W8yDuLg3iraAXKgCrQ,3ekLEtjfDG4,@worldofgames3403,UCnswnWgShvCe3--yFOoOcEA,http://www.youtube.com/@worldofgames3403,https://yt3.ggpht.com/ytc/AIdro_kWMwkq6ILVyVgIz5TtXp_cdOYvfVAfUynWl5CR3lZ3254=s48-c-k-c0x00ffffff-no-rj,❤🙏🏽,❤🙏🏽,0,none,True,2024-11-20T05:26:42Z,2024-11-20T05:26:42Z
UCj0O6W8yDuLg3iraAXKgCrQ,3ekLEtjfDG4,@JulianaSoares-wd7ji,UCLrn-iV7UaxJbpPmHVOrvYw,http://www.youtube.com/@JulianaSoares-wd7ji,https://yt3.ggpht.com/ytc/AIdro_lm_zOZN6FVCMC9XEgozZJNxopPmyd0qspJwRJFxH0emdOvBN8EgbvmEsBy4G2A8EPFaA=s48-c-k-c0x00ffffff-no-rj,Tô aguardando o vídeo falando sobre os aliens kkkkkkkkkk,Tô aguardando o vídeo falando sobre os aliens kkkkkkkkkk,4,none,True,2024-11-20T05:14:22Z,2024-11-20T05:14:22Z
UCj0O6W8yDuLg3iraAXKgCrQ,3ekLEtjfDG4,@mariokkkkkk,UCEhVK5yjqsE-Wj98oA_FJsQ,http://www.youtube.com/@mariokkkkkk,https://yt3.ggpht.com/o7AkZxg7EQ52Ag2EvJby_2V5od44r6Zg93yfkxGphFbwYDTdODthm3DLInWYkKZl4IGtEufq=s48-c-k-c0x00ffffff-no-rj,Vídeo novo ou repeteco?,Vídeo novo ou repeteco?,0,none,True,2024-11-20T04:24:36Z,2024-11-20T04:24:36Z
UCj0O6W8yDuLg3iraAXKgCrQ,3ekLEtjfDG4,@MATO-GROSSO-u8n,UC9KT0nbm9dqAFQ1hIkpYDjQ,http://www.youtube.com/@MATO-GROSSO-u8n,https://yt3.ggpht.com/53I0JHt_IyuYtCqQjLlIcRhhLS49FN6WAL6GXz_9zdIuvKvQPBwRF10pc-blHGNKNn-b6vKeWzE=s48-c-k-c0x00ffffff-no-rj,Vamos Vascão,Vamos Vascão,0,none,True,2024-11-20T04:23:33Z,2024-11-20T04:23:33Z
UCj0O6W8yDuLg3iraAXKgCrQ,3ekLEtjfDG4,@daniellieyrodrigues1548,UChz_if5gAmy8zvO4uurb2zQ,http://www.youtube.com/@daniellieyrodrigues1548,https://yt3.ggpht.com/ytc/AIdro_n2RRhfds1qriSN8n9rSOnZAscY6LhYh8ZZI5rvnkiZUC20=s48-c-k-c0x00ffffff-no-rj,Vamo perguntar pro Lula o porque de 4 dedos em uma mão kkkkkkkkkkkkkkk,Vamo perguntar pro Lula o porque de 4 dedos em uma mão kkkkkkkkkkkkkkk,0,none,True,2024-11-20T03:38:18Z,2024-11-20T03:38:18Z
UCj0O6W8yDuLg3iraAXKgCrQ,3ekLEtjfDG4,@joyarabatista6723,UCpTKKZJKXlUaKaqtmPt1IDA,http://www.youtube.com/@joyarabatista6723,https://yt3.ggpht.com/H0QlK7KL09yUvhXyn_Mxs3pnOp21_6DWdyzR-HEqF4GRi6nEpRurH4_6ts5cjZXmgC9SrG_tWw=s48-c-k-c0x00ffffff-no-rj,👀👍,👀👍,1,none,True,2024-11-20T03:35:50Z,2024-11-20T03:35:50Z
UCj0O6W8yDuLg3iraAXKgCrQ,3ekLEtjfDG4,@Hael_amorim,UCFCMBBoEUC0iPBqunaiEFmA,http://www.youtube.com/@Hael_amorim,https://yt3.ggpht.com/RwaqE2PIokSJLVnoDmCdFa1EpYe6EUx4hK6biXWpW4ITW-aGNwj3iADhLgYgaf66Q9rMfIpXUg=s48-c-k-c0x00ffffff-no-rj,Faz um vídeo falando da teoria do Scooby doo! Que ele é o vilão,Faz um vídeo falando da teoria do Scooby doo! Que ele é o vilão,2,none,True,2024-11-20T03:09:28Z,2024-11-20T03:09:28Z
UCj0O6W8yDuLg3iraAXKgCrQ,3ekLEtjfDG4,@Betania_Alves,UC4WAklH2jSVh56anQWNAJ-Q,http://www.youtube.com/@Betania_Alves,https://yt3.ggpht.com/I4X67D9Dv5oq0gMnSmbMmMeX6t_p41s1kgXLD-33JQ_dfNPj_i69cgyD3WMWCofiYi5tKWRuZw=s48-c-k-c0x00ffffff-no-rj,Sao irmãos?,Sao irmãos?,0,none,True,2024-11-20T01:34:02Z,2024-11-20T01:34:02Z
UCj0O6W8yDuLg3iraAXKgCrQ,3ekLEtjfDG4,@Betania_Alves,UC4WAklH2jSVh56anQWNAJ-Q,http://www.youtube.com/@Betania_Alves,https://yt3.ggpht.com/I4X67D9Dv5oq0gMnSmbMmMeX6t_p41s1kgXLD-33JQ_dfNPj_i69cgyD3WMWCofiYi5tKWRuZw=s48-c-k-c0x00ffffff-no-rj,Faz tempo que acompanho vcs,Faz tempo que acompanho vcs,0,none,True,2024-11-20T01:32:39Z,2024-11-20T01:32:39Z
UCj0O6W8yDuLg3iraAXKgCrQ,3ekLEtjfDG4,@MatheusSiqueira-e3n,UChRogGaKcKU1-WZLMINwrsg,http://www.youtube.com/@MatheusSiqueira-e3n,https://yt3.ggpht.com/ytc/AIdro_mzwk73fmnfDwFs4aca8l6kkQx6GyTAVAtENSyHlH_Zex_oOyaCVbcQl_w7mzDMX7MLRg=s48-c-k-c0x00ffffff-no-rj,"Na verdade a bebezinha do quadro é a Lisa, e não a Maggie!","Na verdade a bebezinha do quadro é a Lisa, e não a Maggie!",0,none,True,2024-11-20T01:16:04Z,2024-11-20T01:16:04Z
UCj0O6W8yDuLg3iraAXKgCrQ,3ekLEtjfDG4,@lanymoraes8489,UCa6z9brl1luOTPOQg_m_OHg,http://www.youtube.com/@lanymoraes8489,https://yt3.ggpht.com/KTOIK7GyFDI0mQLgRC8csRFJd4xsDnzR4s2_DQ1r1hJZwT_BOXMsPUqDEQly1eT48gjqHo3nPrs=s48-c-k-c0x00ffffff-no-rj,Ou você sabia Por que vocês não faz o vídeo do Sonic 3,Ou você sabia Por que vocês não faz o vídeo do Sonic 3,0,none,True,2024-11-20T01:14:27Z,2024-11-20T01:14:27Z
UCj0O6W8yDuLg3iraAXKgCrQ,3ekLEtjfDG4,@027_Kash,UCuxKYh2gHfMm3NEGcieaffg,http://www.youtube.com/@027_Kash,https://yt3.ggpht.com/ytc/AIdro_kvlWfpFiGDsOuWN8WC7fbTg_M3GnIyZoNdq97hjvUJDaKXfd4Br8mhKtbUbhXvgfORVQ=s48-c-k-c0x00ffffff-no-rj,"Video top, fazem mais desse modeloooo","Video top, fazem mais desse modeloooo",1,none,True,2024-11-20T01:13:50Z,2024-11-20T01:13:50Z
UCj0O6W8yDuLg3iraAXKgCrQ,3ekLEtjfDG4,@ericasouzamoreira6885,UCeKjdgU14VPuKQpeuqeKB8g,http://www.youtube.com/@ericasouzamoreira6885,https://yt3.ggpht.com/ytc/AIdro_lqM2FLVdt1Q5ikMpGh9VYUjfggGLxNovKMp13pDxasvR8=s48-c-k-c0x00ffffff-no-rj,Falem sobre alienígenas nos oceanos,Falem sobre alienígenas nos oceanos,0,none,True,2024-11-20T01:06:43Z,2024-11-20T01:06:43Z
UCj0O6W8yDuLg3iraAXKgCrQ,3ekLEtjfDG4,@GabriellaVictória-y3w,UCvsPjcHvvlquMi77Ce3Kz_Q,http://www.youtube.com/@GabriellaVict%C3%B3ria-y3w,https://yt3.ggpht.com/ytc/AIdro_mW0HX8nY-Aegy1UXDgfTB3j4snP03S3Xy5MBGZkW1hUbbYoGKtw-0B2eroA56mHZ8mFQ=s48-c-k-c0x00ffffff-no-rj,😰😰💯💯💯,😰😰💯💯💯,0,none,True,2024-11-20T00:52:14Z,2024-11-20T00:52:14Z
UCj0O6W8yDuLg3iraAXKgCrQ,3ekLEtjfDG4,@9Matheus46,UCyrRlTjwpwPYKL4o0OxjO3w,http://www.youtube.com/@9Matheus46,https://yt3.ggpht.com/s22enMPEA5lZH9rWS1FacTlE3MFgVy61ZP7LshO4QRIeFx_POF3jmzQDmLg7jQJSfHLmnq0dUQ=s48-c-k-c0x00ffffff-no-rj,Pessoal do você sabia vocês podiam fazer um vídeo contando a história de Mike tyson seria bem legal,Pessoal do você sabia vocês podiam fazer um vídeo contando a história de Mike tyson seria bem legal,5,none,True,2024-11-20T00:48:41Z,2024-11-20T00:48:41Z
UCj0O6W8yDuLg3iraAXKgCrQ,3ekLEtjfDG4,@iguynhoo,UCHhmoDYbsDZi0a7r9_i7_hg,http://www.youtube.com/@iguynhoo,https://yt3.ggpht.com/9u_lgTV9e9dSNnk1pNEs1K_-cPc9qPLcj_ol6Z_-QPJTHPEvUqm_rm9Zp6-IZF7aRdbht8jX=s48-c-k-c0x00ffffff-no-rj,"-Eᴜ ɢᴏsᴛᴏ ᴅᴇssᴇ ᴄᴀɴᴀʟ, ᴍᴜɪᴛᴏ ʙᴏᴍ 🤎","-Eᴜ ɢᴏsᴛᴏ ᴅᴇssᴇ ᴄᴀɴᴀʟ, ᴍᴜɪᴛᴏ ʙᴏᴍ 🤎",0,none,True,2024-11-20T00:47:19Z,2024-11-20T00:47:19Z
UCj0O6W8yDuLg3iraAXKgCrQ,3ekLEtjfDG4,@anacarolinabeh,UCb9kRGBU0GHQ0N4rJbVUyQA,http://www.youtube.com/@anacarolinabeh,https://yt3.ggpht.com/OgFnMkYYmWLxOJ0dyrY9mV30muacSZ0Wl9dynS-rUZpN4kcd0lEaQySCFCVhXu-i5CrdOtWz=s48-c-k-c0x00ffffff-no-rj,Nem sei quem é essa brett,Nem sei quem é essa brett,0,none,True,2024-11-20T00:46:01Z,2024-11-20T00:46:01Z
UCj0O6W8yDuLg3iraAXKgCrQ,3ekLEtjfDG4,@ludzinf4165,UCcQQpxeTgOgmkDxXfOPWYsw,http://www.youtube.com/@ludzinf4165,https://yt3.ggpht.com/LyXAB3hJA43nhmLC-w9yrIKnKD7NCSiL_jZnq6Tr_kkvtlyOLx6RcOcB0aFOxhuQUbKWgUpdVdo=s48-c-k-c0x00ffffff-no-rj,"Mano é os alienígenas que chegam no Estados Unidos,  ????","Mano é os alienígenas que chegam no Estados Unidos,  ????",0,none,True,2024-11-20T00:29:20Z,2024-11-20T00:29:20Z
UCj0O6W8yDuLg3iraAXKgCrQ,3ekLEtjfDG4,@marcosdanielarruda7527,UCX5ofQ1X8V3TotEEWtGEnbQ,http://www.youtube.com/@marcosdanielarruda7527,https://yt3.ggpht.com/ytc/AIdro_kNtCCSawua6Ykkd1k2eUvItd0FjdNUp5R5aAbsu30=s48-c-k-c0x00ffffff-no-rj,Pq vc não fala sobre a possível 3 guerra mundial,Pq vc não fala sobre a possível 3 guerra mundial,0,none,True,2024-11-20T00:20:55Z,2024-11-20T00:20:55Z
UCj0O6W8yDuLg3iraAXKgCrQ,3ekLEtjfDG4,@edyh_machado,UCwXJQpdynI21MROqFbU3pDQ,http://www.youtube.com/@edyh_machado,https://yt3.ggpht.com/6gasfqubH2qtdNyuJ4iuBoLUaPb3HN2adCHg50mwZTQ06Rp_ojVRMvKMJFMxA877cu5C9D9Fzw=s48-c-k-c0x00ffffff-no-rj,"2:20 uai, pode ser a liza","2:20 uai, pode ser a liza",9,none,True,2024-11-20T00:13:28Z,2024-11-20T00:13:28Z
UCj0O6W8yDuLg3iraAXKgCrQ,3ekLEtjfDG4,@FCdobigodudo,UCjjCVYr6IXKKJ9gMrAzbvYw,http://www.youtube.com/@FCdobigodudo,https://yt3.ggpht.com/F1lnZ4XnTSmEa2-R6X2vioP-Q3J_NmGF4NgLKB3q9oYttoe7qzqUZb-Xf-UuNqgBpGjcQonZQg=s48-c-k-c0x00ffffff-no-rj,Só quem ama eles vai curtir ❤❤,Só quem ama eles vai curtir ❤❤,0,none,True,2024-11-20T00:13:24Z,2024-11-20T00:13:24Z
UCj0O6W8yDuLg3iraAXKgCrQ,3ekLEtjfDG4,@RenatoYoutube123,UC3UwT2X-z8bplQu8Jd1FgPA,http://www.youtube.com/@RenatoYoutube123,https://yt3.ggpht.com/ytc/AIdro_lawf9yWTQpDKE0MLo3587nhlwH_ppxDQse0Bw_-WWV25kHUsQnoRSTBnBBFdxj69wZBg=s48-c-k-c0x00ffffff-no-rj,Siiiii,Siiiii,0,none,True,2024-11-20T00:13:09Z,2024-11-20T00:13:09Z
UCj0O6W8yDuLg3iraAXKgCrQ,3ekLEtjfDG4,@ERIKIBOM,UCWiX6zIreT8lAehLOe8WwOA,http://www.youtube.com/@ERIKIBOM,https://yt3.ggpht.com/p6BatHLE5b0ky5_PQ6d-zN8i6tMpc7Y4l6BzoqBSr2mxH8pCzGxou6GBOBYI68NHBnD0j0Ss_Q=s48-c-k-c0x00ffffff-no-rj,PODE FAZER 1 VIDIO SOBRE O GODZILLA,PODE FAZER 1 VIDIO SOBRE O GODZILLA,4,none,True,2024-11-20T00:11:47Z,2024-11-20T00:11:47Z
UCj0O6W8yDuLg3iraAXKgCrQ,3ekLEtjfDG4,@Victor_Michael,UCz4ycELfHI1cTc_viwYEVjA,http://www.youtube.com/@Victor_Michael,https://yt3.ggpht.com/DAX-rwwjRtL8oI9k4IVQq27DHTWI73KFAxkkEE2UoXj-OPTBF-Jum8r_UjnU2gqHfuBgQtPTbQ=s48-c-k-c0x00ffffff-no-rj,Mn sou muito fã dos dois mns🎉,Mn sou muito fã dos dois mns🎉,0,none,True,2024-11-20T00:06:05Z,2024-11-20T00:06:05Z
UCj0O6W8yDuLg3iraAXKgCrQ,3ekLEtjfDG4,@Thaty_Vi,UCUtRdJVpa7LyyIVcrhFX6JA,http://www.youtube.com/@Thaty_Vi,https://yt3.ggpht.com/vLWVYN9FqkJ-rnKZOA6trwoxSA1AhasC_9wkCTcmTM8v_KaINpL8Apyc8YPZ9vwy0pa0enkKfj8=s48-c-k-c0x00ffffff-no-rj,Ahhhhh Bob 😻,Ahhhhh Bob 😻,0,none,True,2024-11-20T00:02:28Z,2024-11-20T00:02:28Z
UCj0O6W8yDuLg3iraAXKgCrQ,3ekLEtjfDG4,@FranciscoErick-nl4ms,UCCbSnbTvQnczKiC0oUnwZ0g,http://www.youtube.com/@FranciscoErick-nl4ms,https://yt3.ggpht.com/ytc/AIdro_n1UKC1gAN-YFZhCUog2kUuCJSGEwpbZCeeUyGChCtqFwdMgMoUCpJptjOM5HdMhNgHCg=s48-c-k-c0x00ffffff-no-rj,Cenário bonito 4:29,Cenário bonito 4:29,1,none,True,2024-11-19T23:52:13Z,2024-11-19T23:55:29Z
UCj0O6W8yDuLg3iraAXKgCrQ,3ekLEtjfDG4,@CCLEYDSON,UC4j_z8ZegZa2lw2f2wQAUvg,http://www.youtube.com/@CCLEYDSON,https://yt3.ggpht.com/5CYZc_YdJh6JnS_NxgqbkhJlDnI5hGu0Bh9k7cBmw7dTVR6dVU3a8LrBqvemd4hIBN4pFCeB=s48-c-k-c0x00ffffff-no-rj,Sim,Sim,0,none,True,2024-11-19T23:49:34Z,2024-11-19T23:49:34Z
UCj0O6W8yDuLg3iraAXKgCrQ,3ekLEtjfDG4,@caíque_vx7,UCzK8Y81jAc_sfXjvTh9avGw,http://www.youtube.com/@ca%C3%ADque_vx7,https://yt3.ggpht.com/81MIC1la-at5FjJrPLPs3rhz70rBv4OC3HPw1ihCCvbTFr2d-1vKmdZ4ww8n0TmoCnaRCYLRnQ=s48-c-k-c0x00ffffff-no-rj,💛😍,💛😍,1,none,True,2024-11-19T23:43:15Z,2024-11-19T23:43:15Z
UCj0O6W8yDuLg3iraAXKgCrQ,3ekLEtjfDG4,@RaissaTorresViana-l6o,UC4Jqolmpi175cH_zuE84pEw,http://www.youtube.com/@RaissaTorresViana-l6o,https://yt3.ggpht.com/K2HXRFBWoCudDz7gEAwbiO6v2IT1s2xvTtT8OzthzmKJBwObWRDdwi7AA7OCkqj13Kz34bQ3_g=s48-c-k-c0x00ffffff-no-rj,Curti só quem ama esse canal ❤,Curti só quem ama esse canal ❤,0,none,True,2024-11-19T23:43:10Z,2024-11-19T23:43:10Z
UCj0O6W8yDuLg3iraAXKgCrQ,3ekLEtjfDG4,@ful_edit,UCRSbylWT0A6ZC_obUjjY27A,http://www.youtube.com/@ful_edit,https://yt3.ggpht.com/YaTZEh3S3psUxDkRmFSEtxZDbUGbvt-iAofsV-G1Q4ZRokCL59mbZZerstnb7V5es76Ky9Yv=s48-c-k-c0x00ffffff-no-rj,Caraca ja acompanho essr canal desde 2017😢,Caraca ja acompanho essr canal desde 2017😢,0,none,True,2024-11-19T23:38:52Z,2024-11-19T23:38:52Z
UCj0O6W8yDuLg3iraAXKgCrQ,3ekLEtjfDG4,@ednaldocordeiro1209,UCgLejlhFe7D_YfP3wunHU4Q,http://www.youtube.com/@ednaldocordeiro1209,https://yt3.ggpht.com/X08jL3B2U24iniRj8yNmwB1ZWGH7eIe0LvetzCWPewJjOW5eCCRT4DLzMQ8gmq36iHnL7bii9A=s48-c-k-c0x00ffffff-no-rj,Nunca  nem vi,Nunca  nem vi,0,none,True,2024-11-19T23:36:13Z,2024-11-19T23:36:13Z
UCj0O6W8yDuLg3iraAXKgCrQ,3ekLEtjfDG4,@Pedro_12234,UC7Pl6F0i2G1aHYbsEHB61LA,http://www.youtube.com/@Pedro_12234,https://yt3.ggpht.com/A3jSPR5-mPp_R_hnuCtq0oH7ECXSB5wskLhx15lpM5dEcHJxpxsNge2kWD6wwuRQEmrf-1H3bg=s48-c-k-c0x00ffffff-no-rj,Oia que 😎,Oia que 😎,0,none,True,2024-11-19T23:34:27Z,2024-11-19T23:34:27Z
UCj0O6W8yDuLg3iraAXKgCrQ,3ekLEtjfDG4,@jeanhenrique5628,UCCA938AV0xBf182p4PxfpHQ,http://www.youtube.com/@jeanhenrique5628,https://yt3.ggpht.com/ytc/AIdro_knEwLD_jVm0dXt1pGxeOgjINVT3vMOQXD8EpJtLgk=s48-c-k-c0x00ffffff-no-rj,"Gostei dessa filmagem , mostrando o estúdio , tá top DMS!!!","Gostei dessa filmagem , mostrando o estúdio , tá top DMS!!!",25,none,True,2024-11-19T23:22:52Z,2024-11-19T23:22:52Z
UCj0O6W8yDuLg3iraAXKgCrQ,3ekLEtjfDG4,@joaogabriel8044,UCuXSkksV2ioZGt24saaXfWw,http://www.youtube.com/@joaogabriel8044,https://yt3.ggpht.com/ytc/AIdro_mXl5vEZetSFCfuG2B7_VLqc38fE5TVJMtL_CGIeMUbdXJf55quvy5KONcX81xCv66Llw=s48-c-k-c0x00ffffff-no-rj,MANO FALA DESSAS NOTICIAS QUE TAO TENDO QUE TAO FALANDO QUE TEM ALIENÍGENA NO OCEANO SEI LA,MANO FALA DESSAS NOTICIAS QUE TAO TENDO QUE TAO FALANDO QUE TEM ALIENÍGENA NO OCEANO SEI LA,0,none,True,2024-11-19T23:21:38Z,2024-11-19T23:21:38Z
UCj0O6W8yDuLg3iraAXKgCrQ,3ekLEtjfDG4,@fdpgames2001,UCoJxVCprNujkJQ0mHalh4Ww,http://www.youtube.com/@fdpgames2001,https://yt3.ggpht.com/E_ernKYDlqv_c4iTcYZkhilQQuMY839imnayAN-TSGajA7UmtDTSDCWSubn2-h7hSdH5kTSE=s48-c-k-c0x00ffffff-no-rj,"Eu acho a explicação do ""Sabia"" muito melhor doq a do ""Voce"". Parabens pelo sucesso, Você e Sabia ❤","Eu acho a explicação do ""Sabia"" muito melhor doq a do ""Voce"". Parabens pelo sucesso, Você e Sabia ❤",45,none,True,2024-11-19T23:03:46Z,2024-11-19T23:05:11Z
UCj0O6W8yDuLg3iraAXKgCrQ,3ekLEtjfDG4,@LJcanal21,UCOuYg_e0TqOzhiyA7RTcykw,http://www.youtube.com/@LJcanal21,https://yt3.ggpht.com/KU8GFSUBXIwNSRYwfANIkEi08FKMCo5U7uy25bLpMifs1oO6-LTriNUK0e5XJWKEnUZJlkeInXE=s48-c-k-c0x00ffffff-no-rj,Oooh louco 😮,Oooh louco 😮,0,none,True,2024-11-19T23:01:33Z,2024-11-19T23:01:33Z
UCj0O6W8yDuLg3iraAXKgCrQ,3ekLEtjfDG4,@brunoalexandre8381,UC-xn652AF0EwKqboznhEBsw,http://www.youtube.com/@brunoalexandre8381,https://yt3.ggpht.com/oWiFSDFjoPPiXQlbbHXNUM1zExuVvhvBkJMxb60OUc9IW8IMiyCkGTd-0zlJf27VME0Y4aiBaQ=s48-c-k-c0x00ffffff-no-rj,A foto da Meg pode ser a lisa quando era bebê.,A foto da Meg pode ser a lisa quando era bebê.,145,none,True,2024-11-19T22:54:26Z,2024-11-19T22:54:26Z
UCj0O6W8yDuLg3iraAXKgCrQ,3ekLEtjfDG4,@Antoniomundialz,UCdcBNJqh7nu8slZEFxi1wgg,http://www.youtube.com/@Antoniomundialz,https://yt3.ggpht.com/bZ71DI3_1OHIZhx-zRTFv9DFgR0ss5AouvDs6WnS0RQBCEkM3tPieXq74HGVyFNN8XguhH3o=s48-c-k-c0x00ffffff-no-rj,Os simpsons SnospMIS,Os simpsons SnospMIS,0,none,True,2024-11-19T22:52:36Z,2024-11-19T22:52:36Z
UCj0O6W8yDuLg3iraAXKgCrQ,3ekLEtjfDG4,@MilenaAlve39,UCz77RjdCnFZfFxIEQGFJ3Ow,http://www.youtube.com/@MilenaAlve39,https://yt3.ggpht.com/rLkc_wIHfKJv4nDaMiAGOeh9R7szNQKAiGO47VANS-_w8ovx_jBuY5QwK3_Y8leUz9GmBgS8kA=s48-c-k-c0x00ffffff-no-rj,Eu todo esse tempo assistindo os desenhos animados e não sabia desses segredos escondidos,Eu todo esse tempo assistindo os desenhos animados e não sabia desses segredos escondidos,3,none,True,2024-11-19T22:48:49Z,2024-11-19T22:48:49Z
UCj0O6W8yDuLg3iraAXKgCrQ,3ekLEtjfDG4,@Antoniomundialz,UCdcBNJqh7nu8slZEFxi1wgg,http://www.youtube.com/@Antoniomundialz,https://yt3.ggpht.com/bZ71DI3_1OHIZhx-zRTFv9DFgR0ss5AouvDs6WnS0RQBCEkM3tPieXq74HGVyFNN8XguhH3o=s48-c-k-c0x00ffffff-no-rj,"Algo muito sério e os desenhos e filmes tentam dizer que uns faz mal e culpa inocentes em alguns casos, pra não haver muito mais sofrimento, eles fazem isso","Algo muito sério e os desenhos e filmes tentam dizer que uns faz mal e culpa inocentes em alguns casos, pra não haver muito mais sofrimento, eles fazem isso",3,none,True,2024-11-19T22:45:52Z,2024-11-19T22:45:52Z
UCj0O6W8yDuLg3iraAXKgCrQ,3ekLEtjfDG4,@m4rceloleite,UCEW7HIoSYcNB0Ypv_VB_G5Q,http://www.youtube.com/@m4rceloleite,https://yt3.ggpht.com/ytc/AIdro_mRtyaUfCm2aJkEcjdiXbQ1Z4ABycmo57xnQveUQtmgK6w=s48-c-k-c0x00ffffff-no-rj,Como nos padrinhos mágicos foi no ep 16 da 1ª temporada se ela só teve 12??? Rick e Morty tem um spinoff que o Rick fala que ele é o morty no futuro.,Como nos padrinhos mágicos foi no ep 16 da 1ª temporada se ela só teve 12??? Rick e Morty tem um spinoff que o Rick fala que ele é o morty no futuro.,3,none,True,2024-11-19T22:43:00Z,2024-11-19T22:43:00Z
UCj0O6W8yDuLg3iraAXKgCrQ,3ekLEtjfDG4,@rameirellesr,UCGWkB-fEukHezmg3pxm1lEA,http://www.youtube.com/@rameirellesr,https://yt3.ggpht.com/dYQrF7tJ0el13IglFeai1OurA3ZPB-NRx4ZdbuPZpt4enmwLNIT01o-RAO-RjbYhJrai8g9uBw=s48-c-k-c0x00ffffff-no-rj,Alguém no dia 19 de novembro?,Alguém no dia 19 de novembro?,0,none,True,2024-11-19T22:41:50Z,2024-11-19T22:41:50Z
UCj0O6W8yDuLg3iraAXKgCrQ,3ekLEtjfDG4,@MESSI_DOFCMOBILE,UCbqRsQhqo6m3Dt2hQGiE_1g,http://www.youtube.com/@MESSI_DOFCMOBILE,https://yt3.ggpht.com/0Adiz6_yLcsuTk94Q_AzW_xzdmj1Noqb6kON0yWF2LbjGtM9LhP_vbJjudD36mFDLlphFb1OxA=s48-c-k-c0x00ffffff-no-rj,Eai luca e dani molo,Eai luca e dani molo,1,none,True,2024-11-19T22:26:44Z,2024-11-19T22:26:54Z
UCj0O6W8yDuLg3iraAXKgCrQ,3ekLEtjfDG4,@ricardobaptista1402,UC3krtYAdGfyVF4E0gC-9j-g,http://www.youtube.com/@ricardobaptista1402,https://yt3.ggpht.com/ytc/AIdro_ke5qRzt9fLYzOnT_pd1SeIkxI0IC3jQtWujixrxmw=s48-c-k-c0x00ffffff-no-rj,"Boa noite, espero que esteja tudo bem. Se não for pedir muito… podem fazer um vídeo sobre os alienígenas no mar ???","Boa noite, espero que esteja tudo bem. Se não for pedir muito… podem fazer um vídeo sobre os alienígenas no mar ???",4,none,True,2024-11-19T22:24:18Z,2024-11-19T22:24:18Z
UCj0O6W8yDuLg3iraAXKgCrQ,3ekLEtjfDG4,@SilvaSilva-ew8lu,UC_xaOPnvjGGvtmR5uBATlQA,http://www.youtube.com/@SilvaSilva-ew8lu,https://yt3.ggpht.com/ytc/AIdro_nlK0XZCHPihWVQ4ZXtf5b8YpsaViKGdlcNQOujPdbuOV75OJmCMvjy0UMhDlldDDfeTw=s48-c-k-c0x00ffffff-no-rj,BORA CHEGAR AOS 50 MILHÕES GALERA,BORA CHEGAR AOS 50 MILHÕES GALERA,8,none,True,2024-11-19T22:22:52Z,2024-11-19T22:22:52Z
UCj0O6W8yDuLg3iraAXKgCrQ,3ekLEtjfDG4,@dado-px0,UC7Usr657yj8tCl6vC98ktrA,http://www.youtube.com/@dado-px0,https://yt3.ggpht.com/56bcOViT4IuUHIHeenCKRr6oYLrbUBoMuh2ybFj9hlrNft16GC3uy7JAXU_ycI7BcHPzHFzhToM=s48-c-k-c0x00ffffff-no-rj,eles nem respondem os comentários,eles nem respondem os comentários,0,none,True,2024-11-19T22:16:48Z,2024-11-19T22:16:48Z
UCj0O6W8yDuLg3iraAXKgCrQ,3ekLEtjfDG4,@FlavianeSantos-r7k,UCCOSwZMuVKh5XsXh1F63CQQ,http://www.youtube.com/@FlavianeSantos-r7k,https://yt3.ggpht.com/ytc/AIdro_n1YRi8i8TpTnKtMIARSi9xPLn2rKU-ONxy_O_TrQ3cSvg7zMr2VhNJEvOs1oIoKW7QLA=s48-c-k-c0x00ffffff-no-rj,𝕆𝕝á ❤😊,𝕆𝕝á ❤😊,0,none,True,2024-11-19T22:09:39Z,2024-11-19T22:11:54Z
UCj0O6W8yDuLg3iraAXKgCrQ,3ekLEtjfDG4,@Jean-slv,UCzB9jEYvcWVIB-NH-NAk0jA,http://www.youtube.com/@Jean-slv,https://yt3.ggpht.com/ozRRFvRzlMeRCo0rKJUmUILppVlyRX_-hD3Pwc6613TnjOMhbBwlFQGZtAZFaU7ailxtsGEqZYs=s48-c-k-c0x00ffffff-no-rj,você sabia saber de tudo,você sabia saber de tudo,0,none,True,2024-11-19T22:07:16Z,2024-11-19T22:07:29Z
UCj0O6W8yDuLg3iraAXKgCrQ,3ekLEtjfDG4,@diegocarvalho4714,UCA8jH-DGIfcMt5ffSA9zo5g,http://www.youtube.com/@diegocarvalho4714,https://yt3.ggpht.com/ytc/AIdro_mBcGvucBOKHGn3B1s3rxzmaJKXIW6Qq25YrmT_qQpvxg=s48-c-k-c0x00ffffff-no-rj,Tá faltando os vídeos que vcs faziam do sete além  nossa era muito show eu pelo menos adorava tem que voltar,Tá faltando os vídeos que vcs faziam do sete além  nossa era muito show eu pelo menos adorava tem que voltar,4,none,True,2024-11-19T21:59:36Z,2024-11-19T21:59:48Z
UCj0O6W8yDuLg3iraAXKgCrQ,3ekLEtjfDG4,@DeivisonCarlospeixoto,UCrbx5IBzjkkgIYPkeKQP5Ow,http://www.youtube.com/@DeivisonCarlospeixoto,https://yt3.ggpht.com/W14lvd5UsjbOPN3dbUH5Q4YGr6TJ42JHpjqqi5isyXFBiT92O9xsHA4RjDlJPEHhZobeZSiG=s48-c-k-c0x00ffffff-no-rj,"Vc sabia sobre desenhos antigos muito bom,toda criança assistiu esses desenhos nostalgia pura kkk.","Vc sabia sobre desenhos antigos muito bom,toda criança assistiu esses desenhos nostalgia pura kkk.",0,none,True,2024-11-19T21:57:06Z,2024-11-19T21:57:06Z
UCj0O6W8yDuLg3iraAXKgCrQ,3ekLEtjfDG4,@agaleraladositio,UCLxp2MhTnGYlE95h72r3ZUQ,http://www.youtube.com/@agaleraladositio,https://yt3.ggpht.com/4lGose32wOUZCczCL_7q_zVIlZRMWOGVIHWeKm3i3gZDc8F93xUVn2CA69O_l2gK6iN932SnpA=s48-c-k-c0x00ffffff-no-rj,Alguém em 2038 também,Alguém em 2038 também,61,none,True,2024-11-19T21:51:34Z,2024-11-19T21:51:34Z
UCj0O6W8yDuLg3iraAXKgCrQ,3ekLEtjfDG4,@Pedrozinho-k7y,UCPjtigOIasqIk-yXrm-DwmQ,http://www.youtube.com/@Pedrozinho-k7y,https://yt3.ggpht.com/ytc/AIdro_mudJBOukNXf6EwU9s9qkSmrQeXVMInDb6nJZWhI4Ee75BBlCMMDWOLtD2fTJpyUniYrg=s48-c-k-c0x00ffffff-no-rj,se vcs fosem meus professores e eu faltasse aula entraria em depressão,se vcs fosem meus professores e eu faltasse aula entraria em depressão,0,none,True,2024-11-19T21:50:47Z,2024-11-19T21:50:47Z
UCj0O6W8yDuLg3iraAXKgCrQ,3ekLEtjfDG4,@rack6831,UCztnzuAShE6RdadhndLkpcQ,http://www.youtube.com/@rack6831,https://yt3.ggpht.com/EAgUTIEarmEKFBv33p8gnTFlYRARKGN8aMeyexqKCkTx3j0WqNSrf11N4G2UKeEujV83Aakukw=s48-c-k-c0x00ffffff-no-rj,Hmmmm,Hmmmm,1,none,True,2024-11-19T21:34:35Z,2024-11-19T21:34:35Z
UCj0O6W8yDuLg3iraAXKgCrQ,3ekLEtjfDG4,@luisin_edits125-z2r1x,UC3XTeMjsjEP9kk0GLV45UiQ,http://www.youtube.com/@luisin_edits125-z2r1x,https://yt3.ggpht.com/expy54EmPlQv9AdIunG8Nxx-_jRoRcGWLjj9LN7jKumQAp_ReGktGhzv8_vFyr01ZpR2MeA3_hU=s48-c-k-c0x00ffffff-no-rj,Essa nova câmera é dahora!,Essa nova câmera é dahora!,32,none,True,2024-11-19T21:24:45Z,2024-11-19T21:24:45Z
UCj0O6W8yDuLg3iraAXKgCrQ,3ekLEtjfDG4,@Geovanzin244,UC3GHbR_ojOhPIEheUYFDbPw,http://www.youtube.com/@Geovanzin244,https://yt3.ggpht.com/FoJNtqeEfadQNoVz3oZq1Qgs02h0xdJj-36qqy8GFW695Hk3Yq_MTU-gwxJJ428MEnZyNsYg-t8=s48-c-k-c0x00ffffff-no-rj,IAE gurizada tudo bem?,IAE gurizada tudo bem?,0,none,True,2024-11-19T21:18:46Z,2024-11-19T21:18:46Z
UCj0O6W8yDuLg3iraAXKgCrQ,3ekLEtjfDG4,@biancacristina5564,UChuyZ_4Wuq89QytmeG6C8KQ,http://www.youtube.com/@biancacristina5564,https://yt3.ggpht.com/eeYAJGrndb5xBlxmotFny8hyoXWHaJg_B75gQrUgbYKuzvalWpa2kmpgMfarOGC9n3AimvdgLw=s48-c-k-c0x00ffffff-no-rj,Kkk esse trem do dedos é tá ingual do Lula 😂,Kkk esse trem do dedos é tá ingual do Lula 😂,0,none,True,2024-11-19T21:16:06Z,2024-11-19T21:16:06Z
UCj0O6W8yDuLg3iraAXKgCrQ,3ekLEtjfDG4,@GatoMiau-i4g,UCMB8ucCru1WzaE_Qjvl_29A,http://www.youtube.com/@GatoMiau-i4g,https://yt3.ggpht.com/Jj4wzE9gGlChw5j8Xzd7s8dmVorT1Tc40OBKhvksvdC_F6U4rxwye9bZaF1XxFeGoe9WIoJq=s48-c-k-c0x00ffffff-no-rj,Alguém apoia pra eles trazerem os vídeos de Setealem?,Alguém apoia pra eles trazerem os vídeos de Setealem?,4,none,True,2024-11-19T21:12:07Z,2024-11-19T21:12:07Z
UCj0O6W8yDuLg3iraAXKgCrQ,3ekLEtjfDG4,@reis47-b6b,UCFsoP0oTbWAGEqJ7dz0-nQQ,http://www.youtube.com/@reis47-b6b,https://yt3.ggpht.com/sEN0GR_qTS7LusKV5i4jeeJtxd5QSY9UQELmoujxR-KsHZqNXyDd4_er4dqKAPflyLeQup2l=s48-c-k-c0x00ffffff-no-rj,,,1,none,True,2024-11-19T21:04:38Z,2024-11-19T21:04:38Z
UCj0O6W8yDuLg3iraAXKgCrQ,3ekLEtjfDG4,@venus7ip,UCbld-uYObSv7y6vTmEj2veQ,http://www.youtube.com/@venus7ip,https://yt3.ggpht.com/Hyo0EGEDgKjDvxBhHPpMXtglLUhH8ZDHvkLwC86Ie-3-tgo7VGHgIT1lthc2a-fV9JG9K7Tr-Q=s48-c-k-c0x00ffffff-no-rj,FINALMENTE VIDEOS NÃO REPRISADOS,FINALMENTE VIDEOS NÃO REPRISADOS,8,none,True,2024-11-19T20:59:19Z,2024-11-19T20:59:19Z
UCj0O6W8yDuLg3iraAXKgCrQ,3ekLEtjfDG4,@naertvshow-o9x,UCPysWGAa9mpNIkhYKSHGAKw,http://www.youtube.com/@naertvshow-o9x,https://yt3.ggpht.com/G8ILelddrFUbrwvBjtQgJE9ZVDtFJvbOV-CRBNw8YWph7APtanQdARebhRkLuFVzSp9uC0G14JM=s48-c-k-c0x00ffffff-no-rj,Não pode!!,Não pode!!,0,none,True,2024-11-19T20:59:05Z,2024-11-19T20:59:05Z
UCj0O6W8yDuLg3iraAXKgCrQ,3ekLEtjfDG4,@SetagayaMari_69.420,UCYkjSTE9SfDKhzoPz-kacfA,http://www.youtube.com/@SetagayaMari_69.420,https://yt3.ggpht.com/Fzdsb2c2HzZe2y7djDGYPvIV33Pzel67X2yBtck19C4Q4b5XJvcG0XYfNO3c3xJhGjXksO2RTw=s48-c-k-c0x00ffffff-no-rj,"Se vocês dois fossem professores, eu nunca faltaria na escola","Se vocês dois fossem professores, eu nunca faltaria na escola",4,none,True,2024-11-19T20:58:32Z,2024-11-19T20:58:32Z
UCj0O6W8yDuLg3iraAXKgCrQ,3ekLEtjfDG4,@starkittyangel,UCNmiH62YVkN03DJMQ02-eOg,http://www.youtube.com/@starkittyangel,https://yt3.ggpht.com/tCc3m3lkND1guJ4KyJ5HN5p9cdoiZ_exwP8iLPVaUd7XREj6y8K0aG-Vd6AMsf664hBUOgvtda0=s48-c-k-c0x00ffffff-no-rj,Esse é o vídeo que eu precisava 🤩🤩🤩🤩,Esse é o vídeo que eu precisava 🤩🤩🤩🤩,2,none,True,2024-11-19T20:56:08Z,2024-11-19T20:56:08Z
UCj0O6W8yDuLg3iraAXKgCrQ,3ekLEtjfDG4,@JoséCarlosJesusBispo-n1p,UCf7wfgz70Kbe4BibEIu9rUA,http://www.youtube.com/@Jos%C3%A9CarlosJesusBispo-n1p,https://yt3.ggpht.com/ytc/AIdro_nQWtDjnkGaIYmOsk65bxLAmt6sDD9KGCnr9j4CzKha7Ht707dqW4PbsI-coFFXsWHIFA=s48-c-k-c0x00ffffff-no-rj,Gosto desses tipo de conteúdos,Gosto desses tipo de conteúdos,0,none,True,2024-11-19T20:55:26Z,2024-11-19T20:55:26Z
UCj0O6W8yDuLg3iraAXKgCrQ,3ekLEtjfDG4,@eldimartins3442,UCk54-H1bpHtYFR4dV4qeV2g,http://www.youtube.com/@eldimartins3442,https://yt3.ggpht.com/ytc/AIdro_nwbuPTwa6yEPDb6Cea3WwTTh79roWcve8hFtgd_sE=s48-c-k-c0x00ffffff-no-rj,A FOTO NA PEREDE SOS SIMPSINS ANTES DA MEG NACER E DA LIZA PEQUENININHA😉👍😂😂😂,A FOTO NA PEREDE SOS SIMPSINS ANTES DA MEG NACER E DA LIZA PEQUENININHA😉👍😂😂😂,0,none,True,2024-11-19T20:51:44Z,2024-11-19T20:51:44Z
UCj0O6W8yDuLg3iraAXKgCrQ,3ekLEtjfDG4,@eldimartins3442,UCk54-H1bpHtYFR4dV4qeV2g,http://www.youtube.com/@eldimartins3442,https://yt3.ggpht.com/ytc/AIdro_nwbuPTwa6yEPDb6Cea3WwTTh79roWcve8hFtgd_sE=s48-c-k-c0x00ffffff-no-rj,SI OS SMORFES SAO AZUIZ PORQ OS SIMPSONS NAO PODEIM SER AMARELOS? RS RS RS,SI OS SMORFES SAO AZUIZ PORQ OS SIMPSONS NAO PODEIM SER AMARELOS? RS RS RS,0,none,True,2024-11-19T20:50:55Z,2024-11-19T20:50:55Z
UCj0O6W8yDuLg3iraAXKgCrQ,3ekLEtjfDG4,@Álefe.7,UC2JrlFLHPfyFaF9qL497HPg,http://www.youtube.com/@%C3%81lefe.7,https://yt3.ggpht.com/1sN9kdIUdjRYFB82yTQsnapN0e4dcyNqDDC62UU0c9ROul6BzYbigWypsNmg_CzV9oKvSByx=s48-c-k-c0x00ffffff-no-rj,Salveee,Salveee,0,none,True,2024-11-19T20:46:09Z,2024-11-19T20:46:09Z
UCj0O6W8yDuLg3iraAXKgCrQ,3ekLEtjfDG4,@josealisson6325,UC7M_4T_zfJKbJ7k2EFx1aXw,http://www.youtube.com/@josealisson6325,https://yt3.ggpht.com/ytc/AIdro_mmFnB-mzeiH6tSfj8_PbFBg_76oofUkkvWbklDlnI=s48-c-k-c0x00ffffff-no-rj,Top o vídeo você sabia !!,Top o vídeo você sabia !!,1,none,True,2024-11-19T20:40:51Z,2024-11-19T20:40:51Z
UCj0O6W8yDuLg3iraAXKgCrQ,3ekLEtjfDG4,@cleberbinho7478,UCHKqt2KIDf7xdnVP3UXLvNw,http://www.youtube.com/@cleberbinho7478,https://yt3.ggpht.com/ytc/AIdro_mtuB6i78oMKkZmQYX20-nfwr5YjyBLUAxZy46geOP2eA=s48-c-k-c0x00ffffff-no-rj,Cada um Dos Dez (10) Segredos Dos Desenhos Animados merecem ser contados para saber Todos os Detalhes e Descobertas nunca Revelados ! Mais uma aula Dos ótimos Lukas Marques e Daniel Molo do maravilhoso Você Sabia sensacional ! Um show de conhecimento sobre Grandes Curiosidades do Mundo Todo 😮😮😮😮,Cada um Dos Dez (10) Segredos Dos Desenhos Animados merecem ser contados para saber Todos os Detalhes e Descobertas nunca Revelados ! Mais uma aula Dos ótimos Lukas Marques e Daniel Molo do maravilhoso Você Sabia sensacional ! Um show de conhecimento sobre Grandes Curiosidades do Mundo Todo 😮😮😮😮,36,none,True,2024-11-19T20:36:16Z,2024-11-19T20:36:16Z
UCj0O6W8yDuLg3iraAXKgCrQ,3ekLEtjfDG4,@Fernanda-b6l5l,UCDJS1rQKaKOYdfGUyn9TjTA,http://www.youtube.com/@Fernanda-b6l5l,https://yt3.ggpht.com/YCA1qxDe8zQZI8xZYeQgq9JOI_2kvsQX4ZAHKZ4IGVTabIiMifdgI7_R2LyRHFZ_1LqguqYLKw=s48-c-k-c0x00ffffff-no-rj,Nossa do Cosme é vanda😮,Nossa do Cosme é vanda😮,0,none,True,2024-11-19T20:33:50Z,2024-11-19T20:33:50Z
UCj0O6W8yDuLg3iraAXKgCrQ,3ekLEtjfDG4,@WesleyZampieriii,UCc1_RshitDvmiOfEKQWrHaQ,http://www.youtube.com/@WesleyZampieriii,https://yt3.ggpht.com/Ulg5QONZne5m08PEy9z7XtRazQ6qXf8Oabj_2UGvT7jInjWpD7CBm0mR46wz-oML7iQiAwYnykc=s48-c-k-c0x00ffffff-no-rj,acho que na vdd o retrato na parede é da lisa,acho que na vdd o retrato na parede é da lisa,0,none,True,2024-11-19T20:25:51Z,2024-11-19T20:25:51Z
UCj0O6W8yDuLg3iraAXKgCrQ,3ekLEtjfDG4,@GHOST22FF,UCThzHSyV3bZUSu9dHlEsnOw,http://www.youtube.com/@GHOST22FF,https://yt3.ggpht.com/7SjtEQ4ySKV-p-xEAnpjS3lFYMazs4kWTXQsFLCw62XBd4ROS0qxt0hDkDB97IKmG7jTX9XAQoY=s48-c-k-c0x00ffffff-no-rj,o laço da mec e azul a liza e verde kkk,o laço da mec e azul a liza e verde kkk,0,none,True,2024-11-19T20:23:27Z,2024-11-19T20:23:27Z
UCj0O6W8yDuLg3iraAXKgCrQ,3ekLEtjfDG4,@GHOST22FF,UCThzHSyV3bZUSu9dHlEsnOw,http://www.youtube.com/@GHOST22FF,https://yt3.ggpht.com/7SjtEQ4ySKV-p-xEAnpjS3lFYMazs4kWTXQsFLCw62XBd4ROS0qxt0hDkDB97IKmG7jTX9XAQoY=s48-c-k-c0x00ffffff-no-rj,nao e ela nao vei a liza  pequena kkkkkk,nao e ela nao vei a liza  pequena kkkkkk,0,none,True,2024-11-19T20:23:04Z,2024-11-19T20:23:04Z
UCj0O6W8yDuLg3iraAXKgCrQ,3ekLEtjfDG4,@Joel.D.S0uzza,UCT3Vw7lvIDC89O5JLS1t4Xg,http://www.youtube.com/@Joel.D.S0uzza,https://yt3.ggpht.com/ytc/AIdro_ktvZqcYsStSpFOwlrOJbFFLDeDmAfjksXh0xIETVSWGDw=s48-c-k-c0x00ffffff-no-rj,"Daora demais seus vídeos!!
😎😁😆🤔✌🏻👍🏻👏🏻👊🏻","Daora demais seus vídeos!!
😎😁😆🤔✌🏻👍🏻👏🏻👊🏻",3,none,True,2024-11-19T20:19:21Z,2024-11-19T20:19:21Z
UCj0O6W8yDuLg3iraAXKgCrQ,3ekLEtjfDG4,@mariaritadecassiadasilva7806,UCHS9TBE3zlP9A5RfMnWsJAw,http://www.youtube.com/@mariaritadecassiadasilva7806,https://yt3.ggpht.com/ytc/AIdro_npgldKGjUnfXQTAM80S5Rd7VSwDAf2wau8IoY1Axk=s48-c-k-c0x00ffffff-no-rj,a cada like eu bebo água,a cada like eu bebo água,483,none,True,2024-11-19T20:16:48Z,2024-11-19T20:18:00Z
UCj0O6W8yDuLg3iraAXKgCrQ,3ekLEtjfDG4,@maxwellrodrigo9180,UCF4gP0k6DtLfDXaL0lkE3OA,http://www.youtube.com/@maxwellrodrigo9180,https://yt3.ggpht.com/ytc/AIdro_mj0QC5S1dCIVkX5fUiaEekM1mN4ULTUqmFYBNPAlEz_42h=s48-c-k-c0x00ffffff-no-rj,Pode ter sido a lisa,Pode ter sido a lisa,0,none,True,2024-11-19T20:14:04Z,2024-11-19T20:14:04Z
UCj0O6W8yDuLg3iraAXKgCrQ,3ekLEtjfDG4,@KatieleSchultzrangel,UCt6y1xPNGehvlvkOB41HJtw,http://www.youtube.com/@KatieleSchultzrangel,https://yt3.ggpht.com/ytc/AIdro_lstB3YH641mvD7c0F5CsIK1VohS5sGjDHznzqAxeFzDrKoh35mwiEQPb1tQwNdxYWaWA=s48-c-k-c0x00ffffff-no-rj,Gostei muito do video ❤,Gostei muito do video ❤,2,none,True,2024-11-19T20:11:00Z,2024-11-19T20:11:00Z
UCj0O6W8yDuLg3iraAXKgCrQ,3ekLEtjfDG4,@WesleyKessyo,UCdD-y5hEswncGr7b-BmHk3A,http://www.youtube.com/@WesleyKessyo,https://yt3.ggpht.com/ckLIUPa8SQnwoaUZzLW2PfauBwWS3ZJlnRoWFxwo5BnPqIhHWzQ7H0nEK-riBiW9X26GheZblRY=s48-c-k-c0x00ffffff-no-rj,Não tem nada a ver,Não tem nada a ver,1,none,True,2024-11-19T20:10:16Z,2024-11-19T20:10:16Z
UCj0O6W8yDuLg3iraAXKgCrQ,3ekLEtjfDG4,@Xharlyz420,UCBHU5gibgfAaIo9Y0_bKOtA,http://www.youtube.com/@Xharlyz420,https://yt3.ggpht.com/ytc/AIdro_nW6zUsPmvIJJvJqsR2r6eI2FMrl2lRmr1ATIPqoXh67LJfNLScA4BjvVGG7MSCwhIIsQ=s48-c-k-c0x00ffffff-no-rj,Esse lance de chegar mais perto da camera pra falar ficou da hora. Mas cês deram uma exagerada nele kkk,Esse lance de chegar mais perto da camera pra falar ficou da hora. Mas cês deram uma exagerada nele kkk,3,none,True,2024-11-19T20:09:39Z,2024-11-19T20:09:39Z
UCj0O6W8yDuLg3iraAXKgCrQ,3ekLEtjfDG4,@davzn615,UCpFRfSARQ8jxCk2gkNMJr5g,http://www.youtube.com/@davzn615,https://yt3.ggpht.com/WEH-TphfLM-rPFQ-gT4pwT4ltZP2O7AK5Bdr8i3TuosgD6gU5cqBgGMpYSq7Q7YUfFGVHs0CW6c=s48-c-k-c0x00ffffff-no-rj,O comentário que tiver mais like é gay 👇,O comentário que tiver mais like é gay 👇,0,none,True,2024-11-19T20:04:38Z,2024-11-19T20:04:38Z
UCj0O6W8yDuLg3iraAXKgCrQ,3ekLEtjfDG4,@izaelromaoromao6410,UCk7MINuzrucg-Fb97HeRcGw,http://www.youtube.com/@izaelromaoromao6410,https://yt3.ggpht.com/otjBp3hgXE7c_kKsP7ylLBwTx23VejlduVGJl3XV6fwIwVbLD6l3rw3vq1wtAqg6e7b6D0Fktw=s48-c-k-c0x00ffffff-no-rj,Slv aqui pro Ceará Juazeiro do norte 🎉🎉,Slv aqui pro Ceará Juazeiro do norte 🎉🎉,3,none,True,2024-11-19T20:04:26Z,2024-11-19T20:04:26Z
UCj0O6W8yDuLg3iraAXKgCrQ,3ekLEtjfDG4,@KING444-Br,UCk_oQuPESF6VGpJhds9zShw,http://www.youtube.com/@KING444-Br,https://yt3.ggpht.com/ytc/AIdro_kgo5-MnM8oZR7nY16V-tDL5_A6dKIJoQqTwiqSgTbZYwwthXx2pd4s6k-o2cXayo3jJA=s48-c-k-c0x00ffffff-no-rj,"Hello, brother's","Hello, brother's",1,none,True,2024-11-19T20:04:21Z,2024-11-19T20:04:33Z
UCj0O6W8yDuLg3iraAXKgCrQ,3ekLEtjfDG4,@FranciscaOliveira-lu6oh,UCiqNpcDPr07kP2lcgLtgBGA,http://www.youtube.com/@FranciscaOliveira-lu6oh,https://yt3.ggpht.com/5aCuRjfKLh_pY5bi5C7zAelq_AmfBFO4QU92R6pLMekAO484BUemW8xQGPSnXTI0Xhhfb82S=s48-c-k-c0x00ffffff-no-rj,Já deixei o like,Já deixei o like,0,none,True,2024-11-19T20:03:23Z,2024-11-19T20:03:23Z
UCj0O6W8yDuLg3iraAXKgCrQ,3ekLEtjfDG4,@menod578,UC1iu66rsT6HwI2tW8QG_a-A,http://www.youtube.com/@menod578,https://yt3.ggpht.com/bksF_La5tfIY-RBzfKJduPnmI-3Nk4jHzdpykHC0LthmK3IijKCR_WpAVK0VDKy-qXsXwHWr=s48-c-k-c0x00ffffff-no-rj,Então eu não sou normal tenho só uma mão,Então eu não sou normal tenho só uma mão,0,none,True,2024-11-19T20:02:43Z,2024-11-19T20:02:43Z
UCj0O6W8yDuLg3iraAXKgCrQ,3ekLEtjfDG4,@menod578,UC1iu66rsT6HwI2tW8QG_a-A,http://www.youtube.com/@menod578,https://yt3.ggpht.com/bksF_La5tfIY-RBzfKJduPnmI-3Nk4jHzdpykHC0LthmK3IijKCR_WpAVK0VDKy-qXsXwHWr=s48-c-k-c0x00ffffff-no-rj,Todos desenhos tem so quatro dedos menos os animes,Todos desenhos tem so quatro dedos menos os animes,0,none,True,2024-11-19T20:01:06Z,2024-11-19T20:01:21Z
UCj0O6W8yDuLg3iraAXKgCrQ,3ekLEtjfDG4,@TheCamaro-TC,UCAjfEdTlYGXKf1fRNAuNqVw,http://www.youtube.com/@TheCamaro-TC,https://yt3.ggpht.com/j4usHANC5MW8st1TfEG3U68nUVNOnevPol2RdTCL_E2Nq4MkL_Yjp2Qsb9dt5z1irDuOVy6p6Q=s48-c-k-c0x00ffffff-no-rj,Reunindo fãs do Você sabia,Reunindo fãs do Você sabia,3,none,True,2024-11-19T19:58:52Z,2024-11-19T19:58:52Z
UCj0O6W8yDuLg3iraAXKgCrQ,3ekLEtjfDG4,@TheCamaro-TC,UCAjfEdTlYGXKf1fRNAuNqVw,http://www.youtube.com/@TheCamaro-TC,https://yt3.ggpht.com/j4usHANC5MW8st1TfEG3U68nUVNOnevPol2RdTCL_E2Nq4MkL_Yjp2Qsb9dt5z1irDuOVy6p6Q=s48-c-k-c0x00ffffff-no-rj,Oi gente eu amo vcs,Oi gente eu amo vcs,0,none,True,2024-11-19T19:58:23Z,2024-11-19T19:58:23Z
UCj0O6W8yDuLg3iraAXKgCrQ,3ekLEtjfDG4,@Sr_Miojinho,UCGolHFMgJM1sM9RNtcxmNuA,http://www.youtube.com/@Sr_Miojinho,https://yt3.ggpht.com/GOKLDhzth7LUA-xSnJH4zIBD5PND8bfZ7hmwLGzMtKjXJREnYI4DTf5A4D4gPpkYQEGDriMY=s48-c-k-c0x00ffffff-no-rj,VAMOS FAZER O VOCÊ SABIA CHEGAR AO 50 MILHÕES,VAMOS FAZER O VOCÊ SABIA CHEGAR AO 50 MILHÕES,0,none,True,2024-11-19T19:57:17Z,2024-11-19T19:57:17Z
UCj0O6W8yDuLg3iraAXKgCrQ,3ekLEtjfDG4,@samarasantos9429,UC__HeiDxVP7MzNCM6CTs_5A,http://www.youtube.com/@samarasantos9429,https://yt3.ggpht.com/ytc/AIdro_lntONhP7xAnIYZE6GIG1-UVrPQPsq-3StmKgYOa9DDlo9P=s48-c-k-c0x00ffffff-no-rj,Faz mais explicando sobre a biblia,Faz mais explicando sobre a biblia,2,none,True,2024-11-19T19:57:09Z,2024-11-19T19:57:09Z
UCj0O6W8yDuLg3iraAXKgCrQ,3ekLEtjfDG4,@joaovictorperesdavila,UC2JmQnGAlJHiyQGODxePaFQ,http://www.youtube.com/@joaovictorperesdavila,https://yt3.ggpht.com/ytc/AIdro_mZTaHB_dUrjdxVPzWHPSBBiQ8yLcuryhd4EkW86K1c1ICS_z_qpEkyUfbcf4p_XGWlCw=s48-c-k-c0x00ffffff-no-rj,The New Dinosaurs Evolution,The New Dinosaurs Evolution,0,none,True,2024-11-19T19:52:54Z,2024-11-19T19:52:54Z
UCj0O6W8yDuLg3iraAXKgCrQ,3ekLEtjfDG4,@joaovictorperesdavila,UC2JmQnGAlJHiyQGODxePaFQ,http://www.youtube.com/@joaovictorperesdavila,https://yt3.ggpht.com/ytc/AIdro_mZTaHB_dUrjdxVPzWHPSBBiQ8yLcuryhd4EkW86K1c1ICS_z_qpEkyUfbcf4p_XGWlCw=s48-c-k-c0x00ffffff-no-rj,The Future is Wild,The Future is Wild,1,none,True,2024-11-19T19:52:31Z,2024-11-19T19:52:31Z
UCj0O6W8yDuLg3iraAXKgCrQ,3ekLEtjfDG4,@joaovictorperesdavila,UC2JmQnGAlJHiyQGODxePaFQ,http://www.youtube.com/@joaovictorperesdavila,https://yt3.ggpht.com/ytc/AIdro_mZTaHB_dUrjdxVPzWHPSBBiQ8yLcuryhd4EkW86K1c1ICS_z_qpEkyUfbcf4p_XGWlCw=s48-c-k-c0x00ffffff-no-rj,After Man zoólogy of the Future,After Man zoólogy of the Future,0,none,True,2024-11-19T19:51:27Z,2024-11-19T19:51:27Z
UCj0O6W8yDuLg3iraAXKgCrQ,3ekLEtjfDG4,@Leo_3288,UCFjDbohKz3OtAyLI7H3nQvA,http://www.youtube.com/@Leo_3288,https://yt3.ggpht.com/iqovQJgh2F9Z-tPQHVlGiBuYbKrtTyTmhhrsSRJ01A-wz-9HbRRbZ9s-YQTteZ8AAjN7z_gO=s48-c-k-c0x00ffffff-no-rj,Seria bom nos próximos vídeos eles mostrar como e o Studio e a casa deles kk,Seria bom nos próximos vídeos eles mostrar como e o Studio e a casa deles kk,21,none,True,2024-11-19T19:48:30Z,2024-11-19T19:48:30Z
UCj0O6W8yDuLg3iraAXKgCrQ,3ekLEtjfDG4,@GeekX3010,UCVH6fP7fnyG7ZgaLE3tA5fw,http://www.youtube.com/@GeekX3010,https://yt3.ggpht.com/s9IfcjE6aZGM_B_qMgKzwy4aNouk8NYe2a5xXQiUedSZZQgdITeWTEFIqEWFe6Q6ewKhAOigMQ=s48-c-k-c0x00ffffff-no-rj,"0:39 Ah, quem Diria. Mas é Legal saber que o Timmy tinha Anjos cuidando dele😁👍🏻","0:39 Ah, quem Diria. Mas é Legal saber que o Timmy tinha Anjos cuidando dele😁👍🏻",118,none,True,2024-11-19T19:48:06Z,2024-11-19T19:48:35Z
UCj0O6W8yDuLg3iraAXKgCrQ,3ekLEtjfDG4,@amobctfedorenta,UCfEhgIYmjeyAOeLhAmNb_0Q,http://www.youtube.com/@amobctfedorenta,https://yt3.ggpht.com/ZC5isCMOA-zFFt9FiIDBrqP7IZAGH791lIThkLqUb8JrYzP1lZxBByTrheMnPKy-Pa8TtKloK6A=s48-c-k-c0x00ffffff-no-rj,Apaga o canal,Apaga o canal,2,none,True,2024-11-19T19:47:38Z,2024-11-19T19:47:38Z
UCj0O6W8yDuLg3iraAXKgCrQ,3ekLEtjfDG4,@Minatsu_yt,UClEYrbYv5tMMSXt3rJZ6qMg,http://www.youtube.com/@Minatsu_yt,https://yt3.ggpht.com/GcYxLKiu1If-IDUaj99h-ZSbES5PSNDJijRdAMaBdxnTtq70ZPFyp4WHsYv3wStlYTTOXk8q9U0=s48-c-k-c0x00ffffff-no-rj,Poderia ser a lisa 2:03,Poderia ser a lisa 2:03,6,none,True,2024-11-19T19:47:34Z,2024-11-19T19:47:34Z
UCj0O6W8yDuLg3iraAXKgCrQ,3ekLEtjfDG4,@kenedyeirof385,UC7YCQjpytO862HBC3v_xIqQ,http://www.youtube.com/@kenedyeirof385,https://yt3.ggpht.com/ytc/AIdro_lc3Z8pUYlh-4Kd0LvlMzg8aJdaBuPuNU_vKzWGe88=s48-c-k-c0x00ffffff-no-rj,Este canal decaiu bastante pelo número de inscritos,Este canal decaiu bastante pelo número de inscritos,1,none,True,2024-11-19T19:44:44Z,2024-11-19T19:44:44Z
UCj0O6W8yDuLg3iraAXKgCrQ,3ekLEtjfDG4,@LucasSantos-rk7ih,UCqe_H6B7p3qHzHpCHNB5yAQ,http://www.youtube.com/@LucasSantos-rk7ih,https://yt3.ggpht.com/ytc/AIdro_mn5q6Dz9GYl3UScwXAfWTjgFIMDex61i57qZ71Eh8a__A=s48-c-k-c0x00ffffff-no-rj,Aí só faltou o Papai Lula mulusco 🤐🤐🤐,Aí só faltou o Papai Lula mulusco 🤐🤐🤐,0,none,True,2024-11-19T19:43:36Z,2024-11-19T19:43:36Z
UCj0O6W8yDuLg3iraAXKgCrQ,3ekLEtjfDG4,@Caio2oficial,UCFbk36ytk6Fswnis9Yn8edw,http://www.youtube.com/@Caio2oficial,https://yt3.ggpht.com/zAxBt7vKZE_0Y-Dc1tpHlLE-cBtvdn3du70sgCFTr3aOH8h2CXg6ws9nc_5P964LvOgGZeEEU5E=s48-c-k-c0x00ffffff-no-rj,Já deixei meu like 👍👍👍,Já deixei meu like 👍👍👍,3,none,True,2024-11-19T19:43:14Z,2024-11-19T19:43:14Z
UCj0O6W8yDuLg3iraAXKgCrQ,3ekLEtjfDG4,@alexandresilveira4763,UCCIR_C4HWZ_a-F6PcbUu1pQ,http://www.youtube.com/@alexandresilveira4763,https://yt3.ggpht.com/ytc/AIdro_mgpJxsqSrxxgrFG1Dc3r0I-mR0b82QtRKrCfSRTgU=s48-c-k-c0x00ffffff-no-rj,Programação preditiva 😎,Programação preditiva 😎,3,none,True,2024-11-19T19:42:47Z,2024-11-19T19:42:47Z
UCj0O6W8yDuLg3iraAXKgCrQ,3ekLEtjfDG4,@Juquinha358,UCKQmfla38R3DS5KxBIGDZnA,http://www.youtube.com/@Juquinha358,https://yt3.ggpht.com/l5951bb2m1zi0evgSJj06Vf-k9_xt9ZhU0-EecjA2sjoM8LdcPT_1hkg7UmRdev5hs0_WCaBSEU=s48-c-k-c0x00ffffff-no-rj,nossa qnd o dani levantou e mostrou o senario inteiro fiquei enshok  nen sabia q era assim o resto do senario,nossa qnd o dani levantou e mostrou o senario inteiro fiquei enshok  nen sabia q era assim o resto do senario,4,none,True,2024-11-19T19:42:42Z,2024-11-19T19:42:42Z
UCj0O6W8yDuLg3iraAXKgCrQ,3ekLEtjfDG4,@brendaprestes6235,UCjwiIukwHZRZXHJuEG3IiRg,http://www.youtube.com/@brendaprestes6235,https://yt3.ggpht.com/UauN8ViBIk9D3t7uDF80xop-Zy7HygQCwUWXMG96EIt-XClhZBeNvmukPhbxukkL7fS4r0oY=s48-c-k-c0x00ffffff-no-rj,❤❤ pq eu amo tanto os vídeos de vocês ? Bom de mais sempre cheio de explicações,❤❤ pq eu amo tanto os vídeos de vocês ? Bom de mais sempre cheio de explicações,5,none,True,2024-11-19T19:42:27Z,2024-11-19T19:42:27Z
UCj0O6W8yDuLg3iraAXKgCrQ,3ekLEtjfDG4,@FranciscoFerreiraDaSilva219,UCHFj6T882QNXgJoL5Ara7PA,http://www.youtube.com/@FranciscoFerreiraDaSilva219,https://yt3.ggpht.com/39X1YrTkxtVue0_E_3oaPfb-zg8bjlkHsa1x9G0hOTp0oI_2e2IByzBmKHiaTtv24yVvs6ACVw=s48-c-k-c0x00ffffff-no-rj,Deveriam criar uma versão em desenho animado do palhaço 🤡 ART de Terrifier!!! 🔞.,Deveriam criar uma versão em desenho animado do palhaço 🤡 ART de Terrifier!!! 🔞.,8,none,True,2024-11-19T19:40:40Z,2024-11-19T19:40:40Z
UCj0O6W8yDuLg3iraAXKgCrQ,3ekLEtjfDG4,@DaniloRodrigues-hb3xp,UCnT3oEWKqwoFulN9hvOCqxw,http://www.youtube.com/@DaniloRodrigues-hb3xp,https://yt3.ggpht.com/CwTaYuozeksMcJPVcujEOoMLdBeDOXKVOH1vl3ZbrLLTJsTBJtrmE4gGh0eGG19r0v3E21ge3Q=s48-c-k-c0x00ffffff-no-rj,"Por favor, traga esses casos de alienígenas jo oceano","Por favor, traga esses casos de alienígenas jo oceano",4,none,True,2024-11-19T19:40:17Z,2024-11-19T19:40:17Z
UCj0O6W8yDuLg3iraAXKgCrQ,3ekLEtjfDG4,@justicaazul9016,UChoso3YYNGPICUzaPLh9rtQ,http://www.youtube.com/@justicaazul9016,https://yt3.ggpht.com/unq_pPUtnBoXi2qX5CG63h-UjRnF-jPFag_nHim21_Zq_lilvzyqEtoeoNMaPVHhJuw6xBrL=s48-c-k-c0x00ffffff-no-rj,Quando eu vi os Simpsons pela primeira vez eu achava que era um desenho para criança eu tinha que ver escondido esse desenho,Quando eu vi os Simpsons pela primeira vez eu achava que era um desenho para criança eu tinha que ver escondido esse desenho,7,none,True,2024-11-19T19:40:02Z,2024-11-19T19:40:02Z
UCj0O6W8yDuLg3iraAXKgCrQ,3ekLEtjfDG4,@soldadoGabrielTeixeira-s7r,UCIWVtZOfeEHzIS_vKtaepHg,http://www.youtube.com/@soldadoGabrielTeixeira-s7r,https://yt3.ggpht.com/QqkMk1cjn4U9RFh1ChRS4dBFl5AYli0OVipHQfVMSipGOKNfbA54aOPQZLOfsc4jQFm9fB_J4g=s48-c-k-c0x00ffffff-no-rj,😮😮😮😮😮,😮😮😮😮😮,2,none,True,2024-11-19T19:39:43Z,2024-11-19T19:39:43Z
UCj0O6W8yDuLg3iraAXKgCrQ,3ekLEtjfDG4,@raquelbarbosa9275,UCW6cPcrgbh6JQ0lVigs1EiA,http://www.youtube.com/@raquelbarbosa9275,https://yt3.ggpht.com/ytc/AIdro_nhoOi8Lhcr7w0l0Ur6N0ern1n6gqe49p8sDZDsXjKezsAllwS3frRAi1p45L_qVDrCfQ=s48-c-k-c0x00ffffff-no-rj,Deve ser a lisa bb,Deve ser a lisa bb,0,none,True,2024-11-19T19:39:17Z,2024-11-19T19:39:17Z
UCj0O6W8yDuLg3iraAXKgCrQ,3ekLEtjfDG4,@Emilia._.Batista,UClOnpvzM9n704yj3sKN2JvA,http://www.youtube.com/@Emilia._.Batista,https://yt3.ggpht.com/1Cn8y9DfENKpjf2RHHV7j2qo38bzT6s-aRgUDehDsIiukEjgKziTxbknMPH6aCEElVcyXoR3=s48-c-k-c0x00ffffff-no-rj,CHEGUEI CEDOOOOOO,CHEGUEI CEDOOOOOO,1,none,True,2024-11-19T19:39:11Z,2024-11-19T19:39:11Z
UCj0O6W8yDuLg3iraAXKgCrQ,3ekLEtjfDG4,@arnobsonmeireles8336,UCK_8lNGVvT1_z4tU48JL2Uw,http://www.youtube.com/@arnobsonmeireles8336,https://yt3.ggpht.com/1Ng9DuBSd8_XfJGD87qJpzqVJpOd2SzDcf_1H-HPPECDNORvut5QSXlfO-XewNwfpczhLbofYQ=s48-c-k-c0x00ffffff-no-rj,"Faz sentido, se olharmos ao lado tem um portal verde, tem outro dele lá dentro daquela máquina, como se estivesse sendo usado como algum tipo de cobaia.","Faz sentido, se olharmos ao lado tem um portal verde, tem outro dele lá dentro daquela máquina, como se estivesse sendo usado como algum tipo de cobaia.",16,none,True,2024-11-19T19:38:56Z,2024-11-19T19:38:56Z
UCj0O6W8yDuLg3iraAXKgCrQ,3ekLEtjfDG4,@naircosta4230,UC0fu1mD3C8UlC3XPdVUypVg,http://www.youtube.com/@naircosta4230,https://yt3.ggpht.com/MONEPimAqkg8ZHvEPhfDKkyvzjMtwDSm2mIIV5uSIpgqNYTfGdaRgNKQLB65dgRnUXkhxa8q=s48-c-k-c0x00ffffff-no-rj,opa bom,opa bom,0,none,True,2024-11-19T19:38:46Z,2024-11-19T19:38:46Z
UCj0O6W8yDuLg3iraAXKgCrQ,3ekLEtjfDG4,@Roni_Altoé,UCLV0qJyRjFiVTcCRxiGpifA,http://www.youtube.com/@Roni_Alto%C3%A9,https://yt3.ggpht.com/UfckcLG-RVoHgZXdQJZHBZKmdCId8UcFlTc7L-WQTv0A1sbpHo8cnkR5WiM5pTnSkExrXIqd=s48-c-k-c0x00ffffff-no-rj,CANAL TA VOLTANDO A SER COMO ANTES ❤🎉 AINDA HÁ ESPERANÇAS!,CANAL TA VOLTANDO A SER COMO ANTES ❤🎉 AINDA HÁ ESPERANÇAS!,23,none,True,2024-11-19T19:38:01Z,2024-11-19T19:38:01Z
UCj0O6W8yDuLg3iraAXKgCrQ,3ekLEtjfDG4,@guigaaugusto2007,UCTA5wKhh7hRVqRH7UGfdLrA,http://www.youtube.com/@guigaaugusto2007,https://yt3.ggpht.com/JmVOLrKBjte1cm-rBICsRwbuN9XZedjrhCxcQcR7Pi3YEA5cB-NG92Ptq1Z_rW2DsKf96epfJMY=s48-c-k-c0x00ffffff-no-rj,Lukas Marques e Daniel Molo no comando do Você Sabia!,Lukas Marques e Daniel Molo no comando do Você Sabia!,17,none,True,2024-11-19T19:35:03Z,2024-11-19T19:35:03Z
UCj0O6W8yDuLg3iraAXKgCrQ,3ekLEtjfDG4,@XNxnxxnxnxxnxxnxnn,UCucizE3sJ0Y3ADwmI6hbKiA,http://www.youtube.com/@XNxnxxnxnxxnxxnxnn,https://yt3.ggpht.com/2LBftMtc2fS0x7op5gxRWrYOBDetD37vkMzmUbv3YyGS-OnAnVZVAvYDeXPnCEPc5Lgyeyoi=s48-c-k-c0x00ffffff-no-rj,Galoucura,Galoucura,2,none,True,2024-11-19T19:33:00Z,2024-11-19T19:33:00Z
UCj0O6W8yDuLg3iraAXKgCrQ,3ekLEtjfDG4,@josealessandrozin,UCsIvd9ErQvDqI08HLJR69Pg,http://www.youtube.com/@josealessandrozin,https://yt3.ggpht.com/tw_Vc6jWxWgq8kORjVDfBW5FZR9PGfJepIUcD8-4XDvMoNcymiLlVFMbmk9US-F42v0NUsGX=s48-c-k-c0x00ffffff-no-rj,❤❤❤,❤❤❤,0,none,True,2024-11-19T19:32:41Z,2024-11-19T19:32:41Z
UCj0O6W8yDuLg3iraAXKgCrQ,3ekLEtjfDG4,@patinhomaloqueiro192,UCCC6xGepRWJq_eqsfC1hYuA,http://www.youtube.com/@patinhomaloqueiro192,https://yt3.ggpht.com/ye2MXiWPJ1W8UQKo4mvw-D5HX139-tVvyBykKKSEUCoz6nGgP6DXIPuV5iVe3UysSQEBsEOgCQ=s48-c-k-c0x00ffffff-no-rj,11 Minutos e 940 Likes? EXCLUI o CANAL,11 Minutos e 940 Likes? EXCLUI o CANAL,0,none,True,2024-11-19T19:31:56Z,2024-11-19T19:31:56Z
UCj0O6W8yDuLg3iraAXKgCrQ,3ekLEtjfDG4,@streetbonny7111,UC8VW3qYZAWY4cPj_EBy6x-Q,http://www.youtube.com/@streetbonny7111,https://yt3.ggpht.com/EEUI2UO6g9wtDBakNyG0z5p13twx5r8hwBORyC0lnhRzsVPpdeHhVJx2PIurgQftJfO8LMfx9Q=s48-c-k-c0x00ffffff-no-rj,Salve,Salve,1,none,True,2024-11-19T19:31:54Z,2024-11-19T19:31:54Z
UCj0O6W8yDuLg3iraAXKgCrQ,3ekLEtjfDG4,@Bob-G-w4t,UC-qOeL3DWhWC5d0ThcnWbcw,http://www.youtube.com/@Bob-G-w4t,https://yt3.ggpht.com/8JJzsYZOk43euF3KLEBWKC2M_1dOI-wck0n4iqJguxpg1e1iyGMpIksXT49M9lhBjUBaKKNcXWc=s48-c-k-c0x00ffffff-no-rj,Vocês são demais ❤,Vocês são demais ❤,5,none,True,2024-11-19T19:31:04Z,2024-11-19T19:31:04Z
UCj0O6W8yDuLg3iraAXKgCrQ,3ekLEtjfDG4,@selmahungria1965,UCyHaxh3uLn0SidwhtRpUzlw,http://www.youtube.com/@selmahungria1965,https://yt3.ggpht.com/ytc/AIdro_k2Q5aNBeXYVgTjwaCypn-9v3BpBFb_ndmoOLM_pJA=s48-c-k-c0x00ffffff-no-rj,Pela primeira vez eu cheguei em um vídeo cedo,Pela primeira vez eu cheguei em um vídeo cedo,0,none,True,2024-11-19T19:30:19Z,2024-11-19T19:30:19Z
UCj0O6W8yDuLg3iraAXKgCrQ,3ekLEtjfDG4,@RicardoBarbosa-ss9jr,UCbfI0UpE4cP38WWnoO3-7xQ,http://www.youtube.com/@RicardoBarbosa-ss9jr,https://yt3.ggpht.com/ramDMFUauq_HG74qQoZYyd6QjqRswMTIRiWmWwq6kqIfzRm52Z6AjZ7zso8qDGAdqYa5TcpdKjA=s48-c-k-c0x00ffffff-no-rj,Os Simpsons como sempre prevendo futuro....,Os Simpsons como sempre prevendo futuro....,9,none,True,2024-11-19T19:29:28Z,2024-11-19T19:29:28Z
UCj0O6W8yDuLg3iraAXKgCrQ,3ekLEtjfDG4,@canalzack1581,UCw11nXpzhuYiQm0XchBA_zA,http://www.youtube.com/@canalzack1581,https://yt3.ggpht.com/3eov7rhrakRvag1z0Vvh8S6Getr-LKsGmelwEF4SB1_S26hzl2xcdMDYjQdz8BZk3YOhjOd4=s48-c-k-c0x00ffffff-no-rj,"85% vai me ignorar
15% vai me ajudar

NUNCA VOU DESISTIR😣😣😣😣😣😣😣😣","85% vai me ignorar
15% vai me ajudar

NUNCA VOU DESISTIR😣😣😣😣😣😣😣😣",5,none,True,2024-11-19T19:28:12Z,2024-11-19T19:28:12Z
UCj0O6W8yDuLg3iraAXKgCrQ,3ekLEtjfDG4,@neitannXD,UCgkn-zsucy6w4FN0DhYNFKw,http://www.youtube.com/@neitannXD,https://yt3.ggpht.com/5U3fSFnCNVzMxQFMcfm7abAJm4skKkzqXV41jRQZfYbn6I8j-xPUJzaLU8wTwUP_XqzVLLsZ=s48-c-k-c0x00ffffff-no-rj,Desculpem o atraso de 6 minutos ❤🎉,Desculpem o atraso de 6 minutos ❤🎉,0,none,True,2024-11-19T19:26:58Z,2024-11-19T19:26:58Z
UCj0O6W8yDuLg3iraAXKgCrQ,3ekLEtjfDG4,@SanucadaSilvaSamuel,UChiXDnCLMoU6HIFhaz6LZkQ,http://www.youtube.com/@SanucadaSilvaSamuel,https://yt3.ggpht.com/KCaxCoMR9kqOIWMO-CFoid9ZG073FpN5NFYvm4Q_4pSzYej95Ut0msXc9t6jrljyvwzIFn-tIxw=s48-c-k-c0x00ffffff-no-rj,Manda salve por favor,Manda salve por favor,1,none,True,2024-11-19T19:26:50Z,2024-11-19T19:26:50Z
UCj0O6W8yDuLg3iraAXKgCrQ,3ekLEtjfDG4,@rdgta1371,UCVc1Q2sEyrwj0zYD9CR3aRg,http://www.youtube.com/@rdgta1371,https://yt3.ggpht.com/ytc/AIdro_lBG4Q2j7htJbxg-phr_qVcAKlNOGbhJhWBe0SkBAuX3EdiRFA_mJUmpSD86gxTbRG5GQ=s48-c-k-c0x00ffffff-no-rj,Salve,Salve,2,none,True,2024-11-19T19:26:00Z,2024-11-19T19:26:00Z
UCj0O6W8yDuLg3iraAXKgCrQ,3ekLEtjfDG4,@v1nyxsad,UChzlXftAh27FveJ6HbkbMNw,http://www.youtube.com/@v1nyxsad,https://yt3.ggpht.com/kh4RS6zv5MjNlIpSI3e84Pw3Ndtg0lzrT-xBQRXdEOk6SttyXm61vi4e9Ie6QkNEdv6Sj-wr=s48-c-k-c0x00ffffff-no-rj,EU SOU BATMAN,EU SOU BATMAN,763,none,True,2024-11-19T19:25:58Z,2024-11-29T23:47:23Z
UCj0O6W8yDuLg3iraAXKgCrQ,3ekLEtjfDG4,@FelipeOliveira-xi5ux,UCd4gg0DsrTJxr0n8PkeezvQ,http://www.youtube.com/@FelipeOliveira-xi5ux,https://yt3.ggpht.com/qkPy7ToJcCYzmKFQAQOGNnwjxq6XKA7T9zbF4Dm0jzbYGdNowzWuX5MByfSC_AqzYj_sbsnT=s48-c-k-c0x00ffffff-no-rj,Salve boa tarde galera;assisto esse canal a um tempão;muito bom,Salve boa tarde galera;assisto esse canal a um tempão;muito bom,21,none,True,2024-11-19T19:25:20Z,2024-11-19T19:25:20Z
UCj0O6W8yDuLg3iraAXKgCrQ,3ekLEtjfDG4,@laviniaalves8754,UCUWiaF3_INZqTAKJ5lPv07w,http://www.youtube.com/@laviniaalves8754,https://yt3.ggpht.com/3jjjgmONYNd5s_8ayEoEA4ENYuub8bCvDY0YGOqaSv48E6jRrjBk2cDD12BcCZ7eUJre6G0ZaQ=s48-c-k-c0x00ffffff-no-rj,A fui a primeira ❤ amo os vídeo de vocês,A fui a primeira ❤ amo os vídeo de vocês,1,none,True,2024-11-19T19:24:45Z,2024-11-19T19:24:45Z
UCj0O6W8yDuLg3iraAXKgCrQ,3ekLEtjfDG4,@Aninhaencantada-m10,UC6uTlA7WgPOdKs9G5g3wmLQ,http://www.youtube.com/@Aninhaencantada-m10,https://yt3.ggpht.com/sq2ZAjuznWRS0kBpCPa0tLoPaVjPEBiH4BBTqyBl-qeOpO0ZmO2iepFFFZ6MmSbTFT_8mjxUhw=s48-c-k-c0x00ffffff-no-rj,Lukas grava contas bizarras do roblox pfv,Lukas grava contas bizarras do roblox pfv,1,none,True,2024-11-19T19:24:12Z,2024-11-19T19:24:12Z
UCj0O6W8yDuLg3iraAXKgCrQ,3ekLEtjfDG4,@abeilsrig.7792,UCQZPZCW7MAKGssFXQZS2-Nw,http://www.youtube.com/@abeilsrig.7792,https://yt3.ggpht.com/2MrZA3cH4nlwuFhOsm0d8gA3LWql4JT_stF95xS3PpWMmwTgQVWV5cDXLACRro0uCN23aasO9Q=s48-c-k-c0x00ffffff-no-rj,quem mais chegou cedo?,quem mais chegou cedo?,0,none,True,2024-11-19T19:23:29Z,2024-11-19T19:23:29Z
UCj0O6W8yDuLg3iraAXKgCrQ,3ekLEtjfDG4,@kevinoliveira5606,UCHfjljkBsYcFGTI96TtsdyA,http://www.youtube.com/@kevinoliveira5606,https://yt3.ggpht.com/ytc/AIdro_mpQu0FPfDCMNLWvvEe7-X91lVZLA-5biUoKoSc8MgxMg=s48-c-k-c0x00ffffff-no-rj,chegei cedo hoje em,chegei cedo hoje em,2,none,True,2024-11-19T19:23:27Z,2024-11-19T19:23:27Z
UCj0O6W8yDuLg3iraAXKgCrQ,3ekLEtjfDG4,@gehtintino,UCMDDzwnoncXjpgkEpu9B3oA,http://www.youtube.com/@gehtintino,https://yt3.ggpht.com/28lrEaoRF1tk6cG7i8s_HDr3244-nu6iUOB-Qp5xiLMH3LttOpmbBvaRMNheLyAMsHALI294rd0=s48-c-k-c0x00ffffff-no-rj,Obs: o Daniel molo encontrou minha mãe quando ela estava saindo e ele mandou um áudio para mim,Obs: o Daniel molo encontrou minha mãe quando ela estava saindo e ele mandou um áudio para mim,44,none,True,2024-11-19T19:23:23Z,2024-11-19T19:23:23Z
UCj0O6W8yDuLg3iraAXKgCrQ,3ekLEtjfDG4,@davigames4045,UCbSdIX6yMBpkCGvzkyo-zCQ,http://www.youtube.com/@davigames4045,https://yt3.ggpht.com/jbXaWHxgcgO044HgOZ4cTHZ5ZuTzG-ftqnhBGHSFpxarxDQ5imz1A0ZRLxshpYlgay48vslX8A=s48-c-k-c0x00ffffff-no-rj,UUUUU CHEGUEI CEDO ME NOTA🎉🎉,UUUUU CHEGUEI CEDO ME NOTA🎉🎉,0,none,True,2024-11-19T19:22:49Z,2024-11-19T19:22:49Z
UCj0O6W8yDuLg3iraAXKgCrQ,3ekLEtjfDG4,@CintiaSeverina-yp8pk,UCKKyYoROvDXaVQIBNBAspvw,http://www.youtube.com/@CintiaSeverina-yp8pk,https://yt3.ggpht.com/ytc/AIdro_l8L0TJqZB5vy_wSoWnPUp41hZqjFKi2vrB8iGXThNWdbedSaomLTqHOwXLKh-b_8ECSQ=s48-c-k-c0x00ffffff-no-rj,🎉🎉🎉🎉,🎉🎉🎉🎉,0,none,True,2024-11-19T19:22:49Z,2024-11-19T19:22:49Z
UCj0O6W8yDuLg3iraAXKgCrQ,3ekLEtjfDG4,@cauarodrigoreal,UCWub7REtkAbsOqYuFfMQvvA,http://www.youtube.com/@cauarodrigoreal,https://yt3.ggpht.com/o5l6QLvQPos10CaOc9oDbywU19T4o3RwO4gp65RONdGD3VRBj0Lhpmj_SIkqv4FOKDoRIJ_gAg=s48-c-k-c0x00ffffff-no-rj,vídeo daora demais 💛,vídeo daora demais 💛,6,none,True,2024-11-19T19:22:41Z,2024-11-19T19:22:41Z
UCj0O6W8yDuLg3iraAXKgCrQ,3ekLEtjfDG4,@JoAoVT198,UCBuCoo3PVnjJ82ryL267adQ,http://www.youtube.com/@JoAoVT198,https://yt3.ggpht.com/p-xKzuSuJxo_GWx81dqO_wnB-LQdpxnQ8z2u49dGgwQu7vhcr88YGH9XapumUYyNqEyyC5D0Zw=s48-c-k-c0x00ffffff-no-rj,2 minutos e 800 views ja podem se vender,2 minutos e 800 views ja podem se vender,0,none,True,2024-11-19T19:22:38Z,2024-11-19T19:22:38Z
UCj0O6W8yDuLg3iraAXKgCrQ,3ekLEtjfDG4,@danielsantosogeneralista...,UCiq0AK4tK3JdDRnquvbU7lA,http://www.youtube.com/@danielsantosogeneralista...,https://yt3.ggpht.com/ClrvqAUa6-srnMfiFyTTVXV1cl0zC-pL5CZiuqfCkqC_A5ZJVSkoS0Z4Y-BPmmW-YGR1UvKCew=s48-c-k-c0x00ffffff-no-rj,Essa do preço da Megue eu ja tinha visto ha um bom tempo...,Essa do preço da Megue eu ja tinha visto ha um bom tempo...,34,none,True,2024-11-19T19:22:35Z,2024-11-19T19:22:35Z
UCj0O6W8yDuLg3iraAXKgCrQ,3ekLEtjfDG4,@MoisésRodrigues-f9m,UCnuuYBB2KqK3sGo63fcnzaQ,http://www.youtube.com/@Mois%C3%A9sRodrigues-f9m,https://yt3.ggpht.com/ytc/AIdro_lkd0rxDNf5fMK_UoPYRhOsgwNtwY9ZOs1KY-dpA5QhVhAqxMEwBKhHbjPdHHUvhecsUw=s48-c-k-c0x00ffffff-no-rj,Fui um dos primeiros 🙅,Fui um dos primeiros 🙅,1,none,True,2024-11-19T19:22:30Z,2024-11-19T19:22:30Z
UCj0O6W8yDuLg3iraAXKgCrQ,3ekLEtjfDG4,@gehtintino,UCMDDzwnoncXjpgkEpu9B3oA,http://www.youtube.com/@gehtintino,https://yt3.ggpht.com/28lrEaoRF1tk6cG7i8s_HDr3244-nu6iUOB-Qp5xiLMH3LttOpmbBvaRMNheLyAMsHALI294rd0=s48-c-k-c0x00ffffff-no-rj,Manda coraçãozinho plss,Manda coraçãozinho plss,1,none,True,2024-11-19T19:22:20Z,2024-11-19T19:22:20Z
UCj0O6W8yDuLg3iraAXKgCrQ,3ekLEtjfDG4,@alan1xj,UCnT1lpl3GzPxFzeeGKpJ6aA,http://www.youtube.com/@alan1xj,https://yt3.ggpht.com/dS6nBqLjKS1Up-fbKO3zv6oPf9xW4yqFAyHwEaHeYq8qrHmj7veAJb-ElKOxlT34it3qahJ0Zg=s48-c-k-c0x00ffffff-no-rj,Salve Lukas e Dani só muito fã de vcs te acompanho a muito tempo já me nota,Salve Lukas e Dani só muito fã de vcs te acompanho a muito tempo já me nota,25,none,True,2024-11-19T19:22:11Z,2024-11-19T19:22:11Z
UCj0O6W8yDuLg3iraAXKgCrQ,3ekLEtjfDG4,@wellingtonferreira6174,UCm3XG4SXRbQOz5ZTfk2yAiQ,http://www.youtube.com/@wellingtonferreira6174,https://yt3.ggpht.com/b-v5ibb0knfK_Azxm66KqrEXiPoIwcYeUKu9qC_qhvx1iLQMVbQTD406NlACCrcDHj0ryu60og=s48-c-k-c0x00ffffff-no-rj,Eu sou gay,Eu sou gay,1,none,True,2024-11-19T19:22:08Z,2024-11-19T19:22:08Z
UCj0O6W8yDuLg3iraAXKgCrQ,3ekLEtjfDG4,@elianecosta2925,UC4x_aSM3f2dlftb25rizTZw,http://www.youtube.com/@elianecosta2925,https://yt3.ggpht.com/ytc/AIdro_kjI-3yUpbzb6K_ctuKbYV72UUzHwDNbChxAvDJ2sc=s48-c-k-c0x00ffffff-no-rj,Salve🎉,Salve🎉,2,none,True,2024-11-19T19:22:07Z,2024-11-19T19:22:07Z
UCj0O6W8yDuLg3iraAXKgCrQ,3ekLEtjfDG4,@ruanalves9705,UC9PudJgYftNEpYivykANHGQ,http://www.youtube.com/@ruanalves9705,https://yt3.ggpht.com/5VEYln059UBJ_tzD_7NOkBW4usywBK8uiTAJz2pqsZDzgMYPEHAnStNJTFkd3sv1K7C6oyw7=s48-c-k-c0x00ffffff-no-rj,Cheguei tarde,Cheguei tarde,0,none,True,2024-11-19T19:22:07Z,2024-11-19T19:22:07Z
UCj0O6W8yDuLg3iraAXKgCrQ,3ekLEtjfDG4,@pamellanogueira1828,UCeeAdRwupVH8u4UFafN-8_A,http://www.youtube.com/@pamellanogueira1828,https://yt3.ggpht.com/w0rkLQedQjFQk373blpw62TuxsdXobh0OrBM_P5M36NKx2OfiWCv8DLkyt1nwCqGZGTMVTn-51k=s48-c-k-c0x00ffffff-no-rj,Amo muito,Amo muito,5,none,True,2024-11-19T19:22:06Z,2024-11-19T19:22:06Z
UCj0O6W8yDuLg3iraAXKgCrQ,3ekLEtjfDG4,@hatake1717,UC3h3kboQPCsD6Dld6SCZaDw,http://www.youtube.com/@hatake1717,https://yt3.ggpht.com/LuCovAGk5dZa8bbUWVJDVPY8-x4Y1QvmC_bbaNMBxwNvUUuRQUHBReghJBK8k9ZANsBAVvPWxQ=s48-c-k-c0x00ffffff-no-rj,Amoo esse canal assisto desde os meus 8 aninhos ❤❤❤🎉,Amoo esse canal assisto desde os meus 8 aninhos ❤❤❤🎉,20,none,True,2024-11-19T19:22:04Z,2024-11-19T19:22:04Z
UCj0O6W8yDuLg3iraAXKgCrQ,3ekLEtjfDG4,@danilocardoso9674,UCMKVF5vLCBE2YkT2Elt1LoQ,http://www.youtube.com/@danilocardoso9674,https://yt3.ggpht.com/ytc/AIdro_lXAJSosb4APq7SDVA2kBbFwpUYICMl4td-stEfOWRmuJc=s48-c-k-c0x00ffffff-no-rj,1 minuto bora 😂,1 minuto bora 😂,7,none,True,2024-11-19T19:21:58Z,2024-11-19T19:21:58Z
UCj0O6W8yDuLg3iraAXKgCrQ,3ekLEtjfDG4,@LuisFernando-fr1gi,UCGeGVL7-pbaVpoSrtu4unug,http://www.youtube.com/@LuisFernando-fr1gi,https://yt3.ggpht.com/ytc/AIdro_nUh-hmCym22R8bXOzMCDbqdmV5C6Ms-IHj8NB-Gdw=s48-c-k-c0x00ffffff-no-rj,"Diga não ao 6X1
DIGA SIM AO 5X2
Pros políticos diga sim ao 7X0.","Diga não ao 6X1
DIGA SIM AO 5X2
Pros políticos diga sim ao 7X0.",3,none,True,2024-11-19T19:21:58Z,2024-11-19T19:23:14Z
UCj0O6W8yDuLg3iraAXKgCrQ,3ekLEtjfDG4,@JoaoPedro-pv7gw,UC4rX8Sn_A8_LudLG-yJRtlA,http://www.youtube.com/@JoaoPedro-pv7gw,https://yt3.ggpht.com/ytc/AIdro_n_Z6nMG0BblbQVLlN81gOIfICRRfuRQK3JkQyoOtk=s48-c-k-c0x00ffffff-no-rj,Boa tarde Lukas e Daniel.,Boa tarde Lukas e Daniel.,53,none,True,2024-11-19T19:21:58Z,2024-11-19T19:21:58Z
UCj0O6W8yDuLg3iraAXKgCrQ,3ekLEtjfDG4,@MatheusAlves-wg1vg,UCCnou1Z_2Os8lag177qHPcQ,http://www.youtube.com/@MatheusAlves-wg1vg,https://yt3.ggpht.com/Ig_2RgKidafoG3vux9Lz5UBflcPDjpCT2anQA9V50JFIOyP97YX5vSDGucx1uXPJop07TokfTw=s48-c-k-c0x00ffffff-no-rj,Botão de fora Luladrão 👉🏻,Botão de fora Luladrão 👉🏻,0,none,True,2024-11-19T19:21:57Z,2024-11-19T19:21:57Z
UCj0O6W8yDuLg3iraAXKgCrQ,3ekLEtjfDG4,@SandrielyMenezes-bg7nh,UCWAMNDaNrtNeclyZrPD_5rQ,http://www.youtube.com/@SandrielyMenezes-bg7nh,https://yt3.ggpht.com/LKszHbUfV5-L5o33-H6XCiYfhRUwHR31SAlkvam2yBJhS71LarY7xyREelcsABJaNC0lPyrB=s48-c-k-c0x00ffffff-no-rj,Ja vendo essa perfeiçao parabens meninos,Ja vendo essa perfeiçao parabens meninos,37,none,True,2024-11-19T19:21:54Z,2024-11-19T19:21:54Z
UCj0O6W8yDuLg3iraAXKgCrQ,3ekLEtjfDG4,@gehtintino,UCMDDzwnoncXjpgkEpu9B3oA,http://www.youtube.com/@gehtintino,https://yt3.ggpht.com/28lrEaoRF1tk6cG7i8s_HDr3244-nu6iUOB-Qp5xiLMH3LttOpmbBvaRMNheLyAMsHALI294rd0=s48-c-k-c0x00ffffff-no-rj,Muito bommm!!,Muito bommm!!,5,none,True,2024-11-19T19:21:54Z,2024-11-19T19:21:54Z
UCj0O6W8yDuLg3iraAXKgCrQ,3ekLEtjfDG4,@Samuel_oliveira10,UCvE3HOGLh1TDXLwROs3RVlQ,http://www.youtube.com/@Samuel_oliveira10,https://yt3.ggpht.com/CgjulTj4qHdVlNLKjAxL7LrtN_Dzj_InsDTyuZQ5kcfS5rI7AZEcICMHHm_cBaFbzT-Geg_mFA=s48-c-k-c0x00ffffff-no-rj,Opa,Opa,0,none,True,2024-11-19T19:21:54Z,2024-11-19T19:21:54Z
UCj0O6W8yDuLg3iraAXKgCrQ,3ekLEtjfDG4,@MiniTitanic6767,UCxCjf3lsIf9SMTDZWVZrJtg,http://www.youtube.com/@MiniTitanic6767,https://yt3.ggpht.com/uJiAAENNd964agSWnOQ82e0XkPbDTIOfzSdqtJ5BgENIkqgqdsfczhS46dymk94b_LtGzO8_Aw=s48-c-k-c0x00ffffff-no-rj,Cheguei,Cheguei,1,none,True,2024-11-19T19:21:52Z,2024-11-19T19:21:52Z
UCj0O6W8yDuLg3iraAXKgCrQ,3ekLEtjfDG4,@p0nzu123,UClQjAjHGXsoJeJEenzcAgww,http://www.youtube.com/@p0nzu123,https://yt3.ggpht.com/-dbUxaeLyXVRTppRJQ-YG4Hovwsa9Cwir_aW-TClZ9wFUbogeSUrzn2q0ZDNMha73kkvR4e5dQ=s48-c-k-c0x00ffffff-no-rj,oloko,oloko,0,none,True,2024-11-19T19:21:51Z,2024-11-19T19:21:51Z
UCj0O6W8yDuLg3iraAXKgCrQ,3ekLEtjfDG4,@ph7kzin,UCAGG4BP4hVDu9T368wvfBvw,http://www.youtube.com/@ph7kzin,https://yt3.ggpht.com/2JKHAIVM5A6_jE8mGDQrkCq1rAysoa31qsasNHqAvDYfyrlxXheLnK_RvDub0Jm8NnJW7oRV=s48-c-k-c0x00ffffff-no-rj,PRIMEIROOOOKIOOOOOOOOOO,PRIMEIROOOOKIOOOOOOOOOO,1,none,True,2024-11-19T19:21:48Z,2024-11-19T19:21:48Z
UCj0O6W8yDuLg3iraAXKgCrQ,3ekLEtjfDG4,@gustavosilvagames8667,UCbE5PIqIQ3bve2aPHnuOqOA,http://www.youtube.com/@gustavosilvagames8667,https://yt3.ggpht.com/ytc/AIdro_n023PwIk9l_uiOuPoy5HDczcf9oi-V7D2UhePZlrY=s48-c-k-c0x00ffffff-no-rj,Manda um salve ❤,Manda um salve ❤,7,none,True,2024-11-19T19:21:47Z,2024-11-19T19:21:47Z
UCj0O6W8yDuLg3iraAXKgCrQ,3ekLEtjfDG4,@SarraapirocaPingolaobranco,UC8eiWOQ5j-MusQRl8-1yqjw,http://www.youtube.com/@SarraapirocaPingolaobranco,https://yt3.ggpht.com/ytc/AIdro_mGCcO77qRAILeeq23h9y6AoVb-S6jhNjs55xh4H1JqzRtYoueMFrSC8S9Y7lZhzF6Tww=s48-c-k-c0x00ffffff-no-rj,Salve lenda🎉,Salve lenda🎉,7,none,True,2024-11-19T19:21:41Z,2024-11-19T19:21:41Z
UCj0O6W8yDuLg3iraAXKgCrQ,3ekLEtjfDG4,@PAMONHA-t7z,UCRRJ6JP_Nk9FoyFEVlcg2Jg,http://www.youtube.com/@PAMONHA-t7z,https://yt3.ggpht.com/OcJV7vyPQRiegJVXWjkhxsTLKai_2B5qxH_or0cuCjsAHQwYduca3Byxn4ZLma0fwx_HYb6Nut0=s48-c-k-c0x00ffffff-no-rj,quem tiver mais like vota no Lula na eleição que vem!!!!!!!,quem tiver mais like vota no Lula na eleição que vem!!!!!!!,21,none,True,2024-11-19T19:21:39Z,2024-11-19T19:21:39Z
UCj0O6W8yDuLg3iraAXKgCrQ,3ekLEtjfDG4,@CristinaSantos-pn1hd,UCm-09DDqtHF-TZ_TqC84TbQ,http://www.youtube.com/@CristinaSantos-pn1hd,https://yt3.ggpht.com/ytc/AIdro_nHEps1sjyu3bk0-tzUet2-uUIdKk6j5SuewY5FdNI=s48-c-k-c0x00ffffff-no-rj,Oi sou muito seu fã queria que você botasse o meu comentário em um dos seus vídeos tchau,Oi sou muito seu fã queria que você botasse o meu comentário em um dos seus vídeos tchau,2,none,True,2024-11-19T19:21:36Z,2024-11-19T19:21:36Z
UCj0O6W8yDuLg3iraAXKgCrQ,3ekLEtjfDG4,@fãdogamepower,UCTgyUTjuP-yNiAcaGrFjfVw,http://www.youtube.com/@f%C3%A3dogamepower,https://yt3.ggpht.com/7EbEWMDqlsUflt73g95t3Hl5UiH-f7-U8RwzuTMfHat36vrvggP2eGsZlRCnJJKTTKFq2EWR=s48-c-k-c0x00ffffff-no-rj,Salveee,Salveee,0,none,True,2024-11-19T19:21:33Z,2024-11-19T19:21:33Z
UCj0O6W8yDuLg3iraAXKgCrQ,3ekLEtjfDG4,@AmandaOliveira87447,UC5iGd9cXeeu1zTCGwTXxucQ,http://www.youtube.com/@AmandaOliveira87447,https://yt3.ggpht.com/HRqngm1G-neoAoTtLu0b3Wza-fkFKoEJH0f5k6F8vIW6qMqN4GAiYTsefkGnQzTMELXiyA5P=s48-c-k-c0x00ffffff-no-rj,Porque desativo ista lucas,Porque desativo ista lucas,0,none,True,2024-11-19T19:21:32Z,2024-11-19T19:21:32Z
UCj0O6W8yDuLg3iraAXKgCrQ,3ekLEtjfDG4,@DanielSouza-tv6xn,UCr7uwgh-VQDSqM1Sj72pxDQ,http://www.youtube.com/@DanielSouza-tv6xn,https://yt3.ggpht.com/tLAtByMwsL8dLYBAwM7hfDPVwGjA8A71aubdRkwNl19wBNCQhBIDbhvZ5sxJGygXNb-p5M-PUg=s48-c-k-c0x00ffffff-no-rj,😂😂 sabia n,😂😂 sabia n,0,none,True,2024-11-19T19:21:29Z,2024-11-19T19:21:29Z
UCj0O6W8yDuLg3iraAXKgCrQ,3ekLEtjfDG4,@Oreidaserstaaaa,UCnYLdKx91mZjTjzFKLM0wVg,http://www.youtube.com/@Oreidaserstaaaa,https://yt3.ggpht.com/vU6SUiuS8ZxLMNcnMubUT8rPKQZ4baewvxUCKAn-kcQjJ4vet59WI4o7c7-ezE8jhshXETd3ww=s48-c-k-c0x00ffffff-no-rj,5,5,0,none,True,2024-11-19T19:21:27Z,2024-11-19T19:21:27Z
UCj0O6W8yDuLg3iraAXKgCrQ,3ekLEtjfDG4,@SabrinaKimberly-g7i,UC6wPlxh9cnqeW_Wz2sAAZ3Q,http://www.youtube.com/@SabrinaKimberly-g7i,https://yt3.ggpht.com/W8QUTOMe7JLxe7N7mXbzJ_EKDpK97-P5gZXAFRcsmTstpKfsfAE-hE2xcz7p3h0ytGg6lli1uvo=s48-c-k-c0x00ffffff-no-rj,"EITAA, CHEGUEI CEDO NESSE CANAL MARAVILHOSO ❤❤❤","EITAA, CHEGUEI CEDO NESSE CANAL MARAVILHOSO ❤❤❤",114,none,True,2024-11-19T19:21:20Z,2024-11-19T19:21:20Z
UCj0O6W8yDuLg3iraAXKgCrQ,3ekLEtjfDG4,@mag1c722,UC9L3fsS5sUWkJH32o82GMXg,http://www.youtube.com/@mag1c722,https://yt3.ggpht.com/XV2qKgGvrpHenkGtCEpa9Wv5Ai72Dd6zvjNGA4PZuJWUa6oO7-r-CVMCxNuu9YxQ0tJgD9gG=s48-c-k-c0x00ffffff-no-rj,um dos primeiros,um dos primeiros,1,none,True,2024-11-19T19:21:20Z,2024-11-19T19:21:20Z
UCj0O6W8yDuLg3iraAXKgCrQ,3ekLEtjfDG4,@ThalysRyan-vm5cy,UCeG_D74AGRyJhVuF5sGSxtg,http://www.youtube.com/@ThalysRyan-vm5cy,https://yt3.ggpht.com/SRmFEvse5pcUcMH6_i6DP4tUvpVYW67NU2QK9phn44M3BQ4TrcmsYrM06ggOQd4gz0i1WyuJew=s48-c-k-c0x00ffffff-no-rj,Salve,Salve,0,none,True,2024-11-19T19:21:19Z,2024-11-19T19:21:19Z
UCj0O6W8yDuLg3iraAXKgCrQ,3ekLEtjfDG4,@mikaelribeirobastos,UCIqVQp96fEuYns6_i5cc6wQ,http://www.youtube.com/@mikaelribeirobastos,https://yt3.ggpht.com/KQ2FWSNnlwW-FKtyLIVPD4nTHcYJiZFB_2qfrF7Ok3AW9d10WJsvSkGuXjniDjOez1LL5HxUrQ=s48-c-k-c0x00ffffff-no-rj,COMETEI EM TECEIRO,COMETEI EM TECEIRO,0,none,True,2024-11-19T19:21:15Z,2024-11-19T19:21:15Z
UCj0O6W8yDuLg3iraAXKgCrQ,3ekLEtjfDG4,@agatamuller6003,UCneRoF6vJNx6CRWkocMgwEA,http://www.youtube.com/@agatamuller6003,https://yt3.ggpht.com/ytc/AIdro_nk8ZHlDD2366BPWNeR0OqUTPobIC6DQbm6BUmZ2wHibbmt=s48-c-k-c0x00ffffff-no-rj,Agora sim posso tomar o meu café da tarde ❤,Agora sim posso tomar o meu café da tarde ❤,9,none,True,2024-11-19T19:21:15Z,2024-11-19T19:21:15Z
UCj0O6W8yDuLg3iraAXKgCrQ,3ekLEtjfDG4,@BlitzEditsBR,UCjZ4ZbRmNf1e2EuuTfa-BsA,http://www.youtube.com/@BlitzEditsBR,https://yt3.ggpht.com/Lh_iiuXupsTRVzNF-GPRZbR_7tu4BfAcHbdIitR93jqpEDTDOwgkS9n5u9XhGyNqIrP338iYkg=s48-c-k-c0x00ffffff-no-rj,Salvee,Salvee,0,none,True,2024-11-19T19:21:13Z,2024-11-19T19:21:13Z
UCj0O6W8yDuLg3iraAXKgCrQ,3ekLEtjfDG4,@DREKIX_,UCbXJKMHmqNO0WEKvo2MMa0g,http://www.youtube.com/@DREKIX_,https://yt3.ggpht.com/7Q7U0YprHP_KWx6l_PQjai9UmzgbdyhNlP5AUYaewrOxd9Gy-6TPdnm9tVqQo_-7qJ7np-NTweA=s48-c-k-c0x00ffffff-no-rj,Salve 🎉,Salve 🎉,2,none,True,2024-11-19T19:21:10Z,2024-11-19T19:21:10Z
UCj0O6W8yDuLg3iraAXKgCrQ,3ekLEtjfDG4,@shellyraphael128,UC8MLrQeIrddEwuVrWXgg-mg,http://www.youtube.com/@shellyraphael128,https://yt3.ggpht.com/ytc/AIdro_k4F15uGWNIOqOSyJ8iwauPY3fQ9-ulbomn0ZuF7XQ=s48-c-k-c0x00ffffff-no-rj,"Opaah, cheguei cedo😊","Opaah, cheguei cedo😊",0,none,True,2024-11-19T19:21:08Z,2024-11-19T19:21:08Z
UCj0O6W8yDuLg3iraAXKgCrQ,3ekLEtjfDG4,@LucaAsafe,UCRSaSxPz2TMFXe83Gb1ikCw,http://www.youtube.com/@LucaAsafe,https://yt3.ggpht.com/FrHaezn4X2AVerS26leSIfA8Dxcsc6ZlPivVfoZqVzHMeYi8TT5i8irx9vih6FZ6ltYj9OD2VQ=s48-c-k-c0x00ffffff-no-rj,Cheguei,Cheguei,0,none,True,2024-11-19T19:20:58Z,2024-11-19T19:20:58Z
UCj0O6W8yDuLg3iraAXKgCrQ,3ekLEtjfDG4,@etcj0aj0a79,UCqe-D7ZfYV0ZU1u0xdSdq3g,http://www.youtube.com/@etcj0aj0a79,https://yt3.ggpht.com/ytc/AIdro_necKknhk1BPOOg3gVcpnjgNLLPhfma3iXIyp8PpGQ=s48-c-k-c0x00ffffff-no-rj,Salve segundo comentário...,Salve segundo comentário...,1,none,True,2024-11-19T19:20:55Z,2024-11-19T19:20:55Z
UCj0O6W8yDuLg3iraAXKgCrQ,3ekLEtjfDG4,@Guilhermedelara,UCyDXXleNqqjNBIGg6ipZGCA,http://www.youtube.com/@Guilhermedelara,https://yt3.ggpht.com/xSK4xCeHAFrvE9KTJVcxQT7sr6AA4D6Q9_6DlaWo0u_bs8NcETjHeC1E0zCKnLiHcaVlAeLwJg=s48-c-k-c0x00ffffff-no-rj,O comentário que tiver mais like é gay,O comentário que tiver mais like é gay,7,none,True,2024-11-19T19:20:46Z,2024-11-19T19:20:46Z
UCj0O6W8yDuLg3iraAXKgCrQ,3ekLEtjfDG4,@LIUK02847,UC_Rh6XP16P7LquEewr1dknw,http://www.youtube.com/@LIUK02847,https://yt3.ggpht.com/ytc/AIdro_lsSz9RTMFhjl277um8FmPAqTyRJiHZ9X1IVxViOT4=s48-c-k-c0x00ffffff-no-rj,Segundo,Segundo,1,none,True,2024-11-19T19:20:44Z,2024-11-19T19:20:44Z
UCj0O6W8yDuLg3iraAXKgCrQ,3ekLEtjfDG4,@lucasempiresandpuzzles4060,UCeyfmdMb--N-2vTVMQBqm7Q,http://www.youtube.com/@lucasempiresandpuzzles4060,https://yt3.ggpht.com/ytc/AIdro_mHrU00nmd_9yQtwvKe71sA7WGETYDGOD-kP1Gz7II=s48-c-k-c0x00ffffff-no-rj,qurarto,qurarto,0,none,True,2024-11-19T19:20:42Z,2024-11-19T19:20:42Z
UCj0O6W8yDuLg3iraAXKgCrQ,3ekLEtjfDG4,@douglasrodrigues2147,UCXdTWvkfz0i_VCt6U59_ZUg,http://www.youtube.com/@douglasrodrigues2147,https://yt3.ggpht.com/ytc/AIdro_m8__NA4_qZ-jSdnl6HHDdemyW9i7eqnkBYPm98WJ1-CdM=s48-c-k-c0x00ffffff-no-rj,Salveeee,Salveeee,0,none,True,2024-11-19T19:20:40Z,2024-11-19T19:20:40Z
UCj0O6W8yDuLg3iraAXKgCrQ,3ekLEtjfDG4,@gustavobrustolon3922,UCei9a7FbSXUJA8HGuKW6jwg,http://www.youtube.com/@gustavobrustolon3922,https://yt3.ggpht.com/ytc/AIdro_mOMxTdqi_tMp_yWjUAwyFkon7FQdUCLmsdytwyIqLBtXA=s48-c-k-c0x00ffffff-no-rj,segundo,segundo,1,none,True,2024-11-19T19:20:39Z,2024-11-19T19:20:39Z
UCj0O6W8yDuLg3iraAXKgCrQ,3ekLEtjfDG4,@Guizinvasco321,UC-Wwmiy-SsSWLnHodZHOjKA,http://www.youtube.com/@Guizinvasco321,https://yt3.ggpht.com/m4E_DKi2V-dRbmVYIDYs7Bf-gKwFPlD4co8KAgPOWZHr5cljgTBoDlCSwTOZ1YnxLmWhvlcp=s48-c-k-c0x00ffffff-no-rj,Primeirito,Primeirito,0,none,True,2024-11-19T19:20:35Z,2024-11-19T19:20:35Z
UCj0O6W8yDuLg3iraAXKgCrQ,3ekLEtjfDG4,@Luxxxcas,UCq7ml_pR2fI0T8OKd6-Yosw,http://www.youtube.com/@Luxxxcas,https://yt3.ggpht.com/4I5AdTKyLQmQVWzlxG5z6cmb3cIAghYqrfnDJFVr3f9rPqZwFZEPPyCQaaAph4zDb_mOZYppcw=s48-c-k-c0x00ffffff-no-rj,Primeiro,Primeiro,4,none,True,2024-11-19T19:20:35Z,2024-11-19T19:20:35Z
UCj0O6W8yDuLg3iraAXKgCrQ,3ekLEtjfDG4,@Wilkerhz,UCLEhqIQ82SlAdDvXyyDjWRw,http://www.youtube.com/@Wilkerhz,https://yt3.ggpht.com/I0nFqlk3TjI2KKFf9BvF578iinEw8kbxqwlI1r0VGgkBlGLJmnnW5OBU2IBI7AQCG9AyTrxw=s48-c-k-c0x00ffffff-no-rj,Oi sou seu fã,Oi sou seu fã,6,none,True,2024-11-19T19:20:34Z,2024-11-19T19:20:34Z
UCj0O6W8yDuLg3iraAXKgCrQ,3ekLEtjfDG4,@Artur-el6li,UCyJf9O79ACLCelnZa2lUtpA,http://www.youtube.com/@Artur-el6li,https://yt3.ggpht.com/rrl9R5wDmNi9B5J9GkMwACIK3OSwCrq_NUL-AKviRiTj6Y4gDaFACSWkiHd3ZUANeS5eMpGC=s48-c-k-c0x00ffffff-no-rj,Kkkkk,Kkkkk,0,none,True,2024-11-19T19:20:24Z,2024-11-19T19:20:24Z
UCj0O6W8yDuLg3iraAXKgCrQ,3ekLEtjfDG4,@Orangestrikes,UCO0gAZ4bd_JrZhHvje5Ivmg,http://www.youtube.com/@Orangestrikes,https://yt3.ggpht.com/8oOhO5xd84msdVZjWCpsSr-W6aLGctDKOba2RW3o351lXigmKWg4fmbB018GNCvUHfnpKY-ECQ=s48-c-k-c0x00ffffff-no-rj,salve,salve,8,none,True,2024-11-19T19:20:21Z,2024-11-19T19:20:21Z
